ano,elemento_cod,elemento_desc
2002,1,APOSENTADORIAS E REFORMAS
2002,3,PENSOES
2002,4,CONTRATACAO POR TEMPO DETERMINADO
2002,5,OUTROS BENEFICIOS PREVIDENCIARIOS
2002,6,BENEFICIO MENSAL AO DEFICIENTE E AO IDOSO
2002,8,OUTROS BENEFICIOS ASSISTENCIAIS
2002,9,SALARIO-FAMILIA
2002,10,OUTROS BENEFICIOS DE NATUREZA SOCIAL
2002,11,VENCIMENTOS E VANTAGENS FIXAS - PESSOAL CIVIL
2002,12,VENCIMENTOS E VANTAGENS FIXAS - PESSOAL MILITAR
2002,13,OBRIGACOES PATRONAIS
2002,14,DIARIAS - CIVIL
2002,15,DIARIAS - MILITAR
2002,16,OUTRAS DESPESAS VARIAVEIS - PESSOAL CIVIL
2002,17,OUTRAS DESPESAS VARIAVEIS - PESSOAL MILITAR
2002,18,AUXILIO FINANCEIRO A ESTUDANTES
2002,19,AUXILIO-FARDAMENTO
2002,20,AUXILIO FINANCEIRO A PESQUISADORES
2002,21,JUROS SOBRE A DIVIDA POR CONTRATO
2002,22,OUTROS ENCARGOS SOBRE A DIVIDA POR CONTRATO
2002,27,"ENCARGOS PELA HONRA DE AVAIS, GARANTIAS, SEGUROS E SIMILARES"
2002,28,REMUNERACAO DE COTAS DE FUNDOS AUTARQUICOS
2002,30,MATERIAL DE CONSUMO
2002,31,"PREMIACOES CULTURAIS, ARTISTICAS, CIENTIFICAS, DESPORTIVAS E OUTRAS."
2002,32,MATERIAL DE DISTRIBUICAO GRATUITA
2002,33,PASSAGENS E DESPESAS COM LOCOMOCAO
2002,34,OUTRAS DESPESAS DE PESSOAL DECORRENTES DE CONTRATOS DE TERCEIRIZACAO
2002,35,SERVICOS DE CONSULTORIA
2002,36,OUTROS SERVICOS DE TERCEIROS - PESSOA FISICA
2002,37,LOCACAO DE MAO-DE-OBRA
2002,38,ARRENDAMENTO MERCANTIL
2002,39,OUTROS SERVICOS DE TERCEIROS - PESSOA JURIDICA
2002,41,CONTRIBUICOES
2002,42,AUXILIOS
2002,43,SUBVENCOES SOCIAIS
2002,45,EQUALIZACAO DE PRECOS E TAXAS
2002,46,AUXILIO-ALIMENTACAO
2002,47,OBRIGACOES TRIBUTARIAS E CONTRIBUTIVAS
2002,48,OUTROS AUXILIOS FINANCEIROS A PESSOAS FISICAS
2002,49,AUXILIO-TRANSPORTE
2002,51,OBRAS E INSTALACOES
2002,52,EQUIPAMENTOS E MATERIAL PERMANENTE
2002,61,AQUISICAO DE IMOVEIS
2002,62,AQUISICAO DE PRODUTOS PARA REVENDA
2002,63,AQUISICAO DE TITULOS DE CREDITO
2002,64,AQUISICAO DE TITULOS REPRESENTATIVOS DE CAPITAL JA INTEGRALIZADO
2002,65,CONSTITUICAO OU AUMENTO DE CAPITAL DE EMPRESAS
2002,66,CONCESSAO DE EMPRESTIMOS E FINANCIAMENTOS
2002,67,DEPOSITOS COMPULSORIOS
2002,71,PRINCIPAL DA DIVIDA CONTRATUAL RESGATADO
2002,73,CORRECAO MONETARIA OU CAMBIAL DA DIVIDA CONTRATUAL RESGATADA
2002,81,DISTRIBUICAO CONSTITUCIONAL OU LEGAL DE RECEITAS
2002,91,SENTENCAS JUDICIAIS
2002,92,DESPESAS DE EXERCICIOS ANTERIORES
2002,93,INDENIZACOES E RESTITUICOES
2002,94,INDENIZACOES E RESTITUICOES TRABALHISTAS
2002,96,RESSARCIMENTO DE DESPESAS DE PESSOAL REQUISITADO
2002,99,A CLASSIFICAR
2003,0,SEM INFORMACAO
2003,1,APOSENTADORIAS E REFORMAS
2003,3,PENSOES
2003,4,CONTRATACAO POR TEMPO DETERMINADO
2003,5,OUTROS BENEFICIOS PREVIDENCIARIOS
2003,8,OUTROS BENEFICIOS ASSISTENCIAIS
2003,9,SALARIO-FAMILIA
2003,11,VENCIMENTOS E VANTAGENS FIXAS - PESSOAL CIVIL
2003,12,VENCIMENTOS E VANTAGENS FIXAS - PESSOAL MILITAR
2003,13,OBRIGACOES PATRONAIS
2003,14,DIARIAS - CIVIL
2003,15,DIARIAS - MILITAR
2003,16,OUTRAS DESPESAS VARIAVEIS - PESSOAL CIVIL
2003,17,OUTRAS DESPESAS VARIAVEIS - PESSOAL MILITAR
2003,18,AUXILIO FINANCEIRO A ESTUDANTES
2003,19,AUXILIO-FARDAMENTO
2003,20,AUXILIO FINANCEIRO A PESQUISADORES
2003,21,JUROS SOBRE A DIVIDA POR CONTRATO
2003,22,OUTROS ENCARGOS SOBRE A DIVIDA POR CONTRATO
2003,30,MATERIAL DE CONSUMO
2003,31,"PREMIACOES CULTURAIS, ARTISTICAS, CIENTIFICAS, DESPORTIVAS E OUTRAS."
2003,32,MATERIAL DE DISTRIBUICAO GRATUITA
2003,33,PASSAGENS E DESPESAS COM LOCOMOCAO
2003,34,OUTRAS DESPESAS DE PESSOAL DECORRENTES DE CONTRATOS DE TERCEIRIZACAO
2003,35,SERVICOS DE CONSULTORIA
2003,36,OUTROS SERVICOS DE TERCEIROS - PESSOA FISICA
2003,37,LOCACAO DE MAO-DE-OBRA
2003,39,OUTROS SERVICOS DE TERCEIROS - PESSOA JURIDICA
2003,41,CONTRIBUICOES
2003,42,AUXILIOS
2003,43,SUBVENCOES SOCIAIS
2003,46,AUXILIO-ALIMENTACAO
2003,47,OBRIGACOES TRIBUTARIAS E CONTRIBUTIVAS
2003,48,OUTROS AUXILIOS FINANCEIROS A PESSOAS FISICAS
2003,49,AUXILIO-TRANSPORTE
2003,51,OBRAS E INSTALACOES
2003,52,EQUIPAMENTOS E MATERIAL PERMANENTE
2003,61,AQUISICAO DE IMOVEIS
2003,65,CONSTITUICAO OU AUMENTO DE CAPITAL DE EMPRESAS
2003,66,CONCESSAO DE EMPRESTIMOS E FINANCIAMENTOS
2003,67,DEPOSITOS COMPULSORIOS
2003,71,PRINCIPAL DA DIVIDA CONTRATUAL RESGATADO
2003,81,DISTRIBUICAO CONSTITUCIONAL OU LEGAL DE RECEITAS
2003,91,SENTENCAS JUDICIAIS
2003,92,DESPESAS DE EXERCICIOS ANTERIORES
2003,93,INDENIZACOES E RESTITUICOES
2003,94,INDENIZACOES E RESTITUICOES TRABALHISTAS
2003,96,RESSARCIMENTO DE DESPESAS DE PESSOAL REQUISITADO
2004,0,SEM INFORMACAO
2004,1,APOSENTADORIAS E REFORMAS
2004,3,PENSOES
2004,4,CONTRATACAO POR TEMPO DETERMINADO
2004,5,OUTROS BENEFICIOS PREVIDENCIARIOS
2004,6,BENEFICIO MENSAL AO DEFICIENTE E AO IDOSO
2004,8,OUTROS BENEFICIOS ASSISTENCIAIS
2004,9,SALARIO-FAMILIA
2004,10,OUTROS BENEFICIOS DE NATUREZA SOCIAL
2004,11,VENCIMENTOS E VANTAGENS FIXAS - PESSOAL CIVIL
2004,12,VENCIMENTOS E VANTAGENS FIXAS - PESSOAL MILITAR
2004,13,OBRIGACOES PATRONAIS
2004,14,DIARIAS - CIVIL
2004,15,DIARIAS - MILITAR
2004,16,OUTRAS DESPESAS VARIAVEIS - PESSOAL CIVIL
2004,17,OUTRAS DESPESAS VARIAVEIS - PESSOAL MILITAR
2004,18,AUXILIO FINANCEIRO A ESTUDANTES
2004,19,AUXILIO-FARDAMENTO
2004,20,AUXILIO FINANCEIRO A PESQUISADORES
2004,21,JUROS SOBRE A DIVIDA POR CONTRATO
2004,22,OUTROS ENCARGOS SOBRE A DIVIDA POR CONTRATO
2004,27,"ENCARGOS PELA HONRA DE AVAIS, GARANTIAS, SEGUROS E SIMILARES"
2004,28,REMUNERACAO DE COTAS DE FUNDOS AUTARQUICOS
2004,30,MATERIAL DE CONSUMO
2004,31,"PREMIACOES CULTURAIS, ARTISTICAS, CIENTIFICAS, DESPORTIVAS E OUTRAS."
2004,32,MATERIAL DE DISTRIBUICAO GRATUITA
2004,33,PASSAGENS E DESPESAS COM LOCOMOCAO
2004,34,OUTRAS DESPESAS DE PESSOAL DECORRENTES DE CONTRATOS DE TERCEIRIZACAO
2004,35,SERVICOS DE CONSULTORIA
2004,36,OUTROS SERVICOS DE TERCEIROS - PESSOA FISICA
2004,37,LOCACAO DE MAO-DE-OBRA
2004,38,ARRENDAMENTO MERCANTIL
2004,39,OUTROS SERVICOS DE TERCEIROS - PESSOA JURIDICA
2004,41,CONTRIBUICOES
2004,42,AUXILIOS
2004,43,SUBVENCOES SOCIAIS
2004,46,AUXILIO-ALIMENTACAO
2004,47,OBRIGACOES TRIBUTARIAS E CONTRIBUTIVAS
2004,48,OUTROS AUXILIOS FINANCEIROS A PESSOAS FISICAS
2004,49,AUXILIO-TRANSPORTE
2004,51,OBRAS E INSTALACOES
2004,52,EQUIPAMENTOS E MATERIAL PERMANENTE
2004,61,AQUISICAO DE IMOVEIS
2004,63,AQUISICAO DE TITULOS DE CREDITO
2004,65,CONSTITUICAO OU AUMENTO DE CAPITAL DE EMPRESAS
2004,66,CONCESSAO DE EMPRESTIMOS E FINANCIAMENTOS
2004,71,PRINCIPAL DA DIVIDA CONTRATUAL RESGATADO
2004,81,DISTRIBUICAO CONSTITUCIONAL OU LEGAL DE RECEITAS
2004,91,SENTENCAS JUDICIAIS
2004,92,DESPESAS DE EXERCICIOS ANTERIORES
2004,93,INDENIZACOES E RESTITUICOES
2004,94,INDENIZACOES E RESTITUICOES TRABALHISTAS
2004,96,RESSARCIMENTO DE DESPESAS DE PESSOAL REQUISITADO
2004,99,A CLASSIFICAR
2005,0,SEM INFORMACAO
2005,1,APOSENTADORIAS E REFORMAS
2005,3,PENSOES
2005,4,CONTRATACAO POR TEMPO DETERMINADO
2005,5,OUTROS BENEFICIOS PREVIDENCIARIOS
2005,7,CONTRIBUICAO A ENTIDADES FECHADAS DE PREVIDENCIA
2005,8,OUTROS BENEFICIOS ASSISTENCIAIS
2005,9,SALARIO-FAMILIA
2005,10,OUTROS BENEFICIOS DE NATUREZA SOCIAL
2005,11,VENCIMENTOS E VANTAGENS FIXAS - PESSOAL CIVIL
2005,12,VENCIMENTOS E VANTAGENS FIXAS - PESSOAL MILITAR
2005,13,OBRIGACOES PATRONAIS
2005,14,DIARIAS - CIVIL
2005,15,DIARIAS - MILITAR
2005,16,OUTRAS DESPESAS VARIAVEIS - PESSOAL CIVIL
2005,17,OUTRAS DESPESAS VARIAVEIS - PESSOAL MILITAR
2005,18,AUXILIO FINANCEIRO A ESTUDANTES
2005,19,AUXILIO-FARDAMENTO
2005,20,AUXILIO FINANCEIRO A PESQUISADORES
2005,21,JUROS SOBRE A DIVIDA POR CONTRATO
2005,22,OUTROS ENCARGOS SOBRE A DIVIDA POR CONTRATO
2005,27,"ENCARGOS PELA HONRA DE AVAIS, GARANTIAS, SEGUROS E SIMILARES"
2005,30,MATERIAL DE CONSUMO
2005,31,"PREMIACOES CULTURAIS, ARTISTICAS, CIENTIFICAS, DESPORTIVAS E OUTRAS."
2005,32,MATERIAL DE DISTRIBUICAO GRATUITA
2005,33,PASSAGENS E DESPESAS COM LOCOMOCAO
2005,34,OUTRAS DESPESAS DE PESSOAL DECORRENTES DE CONTRATOS DE TERCEIRIZACAO
2005,35,SERVICOS DE CONSULTORIA
2005,36,OUTROS SERVICOS DE TERCEIROS - PESSOA FISICA
2005,37,LOCACAO DE MAO-DE-OBRA
2005,38,ARRENDAMENTO MERCANTIL
2005,39,OUTROS SERVICOS DE TERCEIROS - PESSOA JURIDICA
2005,41,CONTRIBUICOES
2005,42,AUXILIOS
2005,43,SUBVENCOES SOCIAIS
2005,46,AUXILIO-ALIMENTACAO
2005,47,OBRIGACOES TRIBUTARIAS E CONTRIBUTIVAS
2005,48,OUTROS AUXILIOS FINANCEIROS A PESSOAS FISICAS
2005,49,AUXILIO-TRANSPORTE
2005,51,OBRAS E INSTALACOES
2005,52,EQUIPAMENTOS E MATERIAL PERMANENTE
2005,61,AQUISICAO DE IMOVEIS
2005,64,AQUISICAO DE TITULOS REPRESENTATIVOS DE CAPITAL JA INTEGRALIZADO
2005,65,CONSTITUICAO OU AUMENTO DE CAPITAL DE EMPRESAS
2005,66,CONCESSAO DE EMPRESTIMOS E FINANCIAMENTOS
2005,67,DEPOSITOS COMPULSORIOS
2005,71,PRINCIPAL DA DIVIDA CONTRATUAL RESGATADO
2005,81,DISTRIBUICAO CONSTITUCIONAL OU LEGAL DE RECEITAS
2005,91,SENTENCAS JUDICIAIS
2005,92,DESPESAS DE EXERCICIOS ANTERIORES
2005,93,INDENIZACOES E RESTITUICOES
2005,94,INDENIZACOES E RESTITUICOES TRABALHISTAS
2005,96,RESSARCIMENTO DE DESPESAS DE PESSOAL REQUISITADO
2005,99,A CLASSIFICAR
2006,0,SEM INFORMACAO
2006,1,APOSENTADORIAS E REFORMAS
2006,3,PENSOES
2006,4,CONTRATACAO POR TEMPO DETERMINADO
2006,5,OUTROS BENEFICIOS PREVIDENCIARIOS
2006,7,CONTRIBUICAO A ENTIDADES FECHADAS DE PREVIDENCIA
2006,8,OUTROS BENEFICIOS ASSISTENCIAIS
2006,9,SALARIO-FAMILIA
2006,10,OUTROS BENEFICIOS DE NATUREZA SOCIAL
2006,11,VENCIMENTOS E VANTAGENS FIXAS - PESSOAL CIVIL
2006,12,VENCIMENTOS E VANTAGENS FIXAS - PESSOAL MILITAR
2006,13,OBRIGACOES PATRONAIS
2006,14,DIARIAS - CIVIL
2006,15,DIARIAS - MILITAR
2006,16,OUTRAS DESPESAS VARIAVEIS - PESSOAL CIVIL
2006,17,OUTRAS DESPESAS VARIAVEIS - PESSOAL MILITAR
2006,18,AUXILIO FINANCEIRO A ESTUDANTES
2006,19,AUXILIO-FARDAMENTO
2006,20,AUXILIO FINANCEIRO A PESQUISADORES
2006,21,JUROS SOBRE A DIVIDA POR CONTRATO
2006,22,OUTROS ENCARGOS SOBRE A DIVIDA POR CONTRATO
2006,30,MATERIAL DE CONSUMO
2006,31,"PREMIACOES CULTURAIS, ARTISTICAS, CIENTIFICAS, DESPORTIVAS E OUTRAS."
2006,32,MATERIAL DE DISTRIBUICAO GRATUITA
2006,33,PASSAGENS E DESPESAS COM LOCOMOCAO
2006,34,OUTRAS DESPESAS DE PESSOAL DECORRENTES DE CONTRATOS DE TERCEIRIZACAO
2006,35,SERVICOS DE CONSULTORIA
2006,36,OUTROS SERVICOS DE TERCEIROS - PESSOA FISICA
2006,37,LOCACAO DE MAO-DE-OBRA
2006,38,ARRENDAMENTO MERCANTIL
2006,39,OUTROS SERVICOS DE TERCEIROS - PESSOA JURIDICA
2006,41,CONTRIBUICOES
2006,42,AUXILIOS
2006,43,SUBVENCOES SOCIAIS
2006,46,AUXILIO-ALIMENTACAO
2006,47,OBRIGACOES TRIBUTARIAS E CONTRIBUTIVAS
2006,48,OUTROS AUXILIOS FINANCEIROS A PESSOAS FISICAS
2006,49,AUXILIO-TRANSPORTE
2006,51,OBRAS E INSTALACOES
2006,52,EQUIPAMENTOS E MATERIAL PERMANENTE
2006,61,AQUISICAO DE IMOVEIS
2006,65,CONSTITUICAO OU AUMENTO DE CAPITAL DE EMPRESAS
2006,66,CONCESSAO DE EMPRESTIMOS E FINANCIAMENTOS
2006,67,DEPOSITOS COMPULSORIOS
2006,71,PRINCIPAL DA DIVIDA CONTRATUAL RESGATADO
2006,81,DISTRIBUICAO CONSTITUCIONAL OU LEGAL DE RECEITAS
2006,91,SENTENCAS JUDICIAIS
2006,92,DESPESAS DE EXERCICIOS ANTERIORES
2006,93,INDENIZACOES E RESTITUICOES
2006,94,INDENIZACOES E RESTITUICOES TRABALHISTAS
2006,95,INDENIZACAO PELA EXECUCAO DE TRABALHOS DE CAMPO
2006,96,RESSARCIMENTO DE DESPESAS DE PESSOAL REQUISITADO
2006,99,A CLASSIFICAR
2007,0,SEM INFORMACAO
2007,1,APOSENTADORIAS E REFORMAS
2007,3,PENSOES
2007,4,CONTRATACAO POR TEMPO DETERMINADO
2007,5,OUTROS BENEFICIOS PREVIDENCIARIOS
2007,6,BENEFICIO MENSAL AO DEFICIENTE E AO IDOSO
2007,7,CONTRIBUICAO A ENTIDADES FECHADAS DE PREVIDENCIA
2007,8,OUTROS BENEFICIOS ASSISTENCIAIS
2007,9,SALARIO-FAMILIA
2007,10,OUTROS BENEFICIOS DE NATUREZA SOCIAL
2007,11,VENCIMENTOS E VANTAGENS FIXAS - PESSOAL CIVIL
2007,12,VENCIMENTOS E VANTAGENS FIXAS - PESSOAL MILITAR
2007,13,OBRIGACOES PATRONAIS
2007,14,DIARIAS - CIVIL
2007,15,DIARIAS - MILITAR
2007,16,OUTRAS DESPESAS VARIAVEIS - PESSOAL CIVIL
2007,17,OUTRAS DESPESAS VARIAVEIS - PESSOAL MILITAR
2007,18,AUXILIO FINANCEIRO A ESTUDANTES
2007,19,AUXILIO-FARDAMENTO
2007,20,AUXILIO FINANCEIRO A PESQUISADORES
2007,21,JUROS SOBRE A DIVIDA POR CONTRATO
2007,22,OUTROS ENCARGOS SOBRE A DIVIDA POR CONTRATO
2007,27,"ENCARGOS PELA HONRA DE AVAIS, GARANTIAS, SEGUROS E SIMILARES"
2007,28,REMUNERACAO DE COTAS DE FUNDOS AUTARQUICOS
2007,30,MATERIAL DE CONSUMO
2007,31,"PREMIACOES CULTURAIS, ARTISTICAS, CIENTIFICAS, DESPORTIVAS E OUTRAS."
2007,32,MATERIAL DE DISTRIBUICAO GRATUITA
2007,33,PASSAGENS E DESPESAS COM LOCOMOCAO
2007,34,OUTRAS DESPESAS DE PESSOAL DECORRENTES DE CONTRATOS DE TERCEIRIZACAO
2007,35,SERVICOS DE CONSULTORIA
2007,36,OUTROS SERVICOS DE TERCEIROS - PESSOA FISICA
2007,37,LOCACAO DE MAO-DE-OBRA
2007,38,ARRENDAMENTO MERCANTIL
2007,39,OUTROS SERVICOS DE TERCEIROS - PESSOA JURIDICA
2007,41,CONTRIBUICOES
2007,42,AUXILIOS
2007,43,SUBVENCOES SOCIAIS
2007,46,AUXILIO-ALIMENTACAO
2007,47,OBRIGACOES TRIBUTARIAS E CONTRIBUTIVAS
2007,48,OUTROS AUXILIOS FINANCEIROS A PESSOAS FISICAS
2007,49,AUXILIO-TRANSPORTE
2007,51,OBRAS E INSTALACOES
2007,52,EQUIPAMENTOS E MATERIAL PERMANENTE
2007,61,AQUISICAO DE IMOVEIS
2007,63,AQUISICAO DE TITULOS DE CREDITO
2007,65,CONSTITUICAO OU AUMENTO DE CAPITAL DE EMPRESAS
2007,66,CONCESSAO DE EMPRESTIMOS E FINANCIAMENTOS
2007,71,PRINCIPAL DA DIVIDA CONTRATUAL RESGATADO
2007,81,DISTRIBUICAO CONSTITUCIONAL OU LEGAL DE RECEITAS
2007,91,SENTENCAS JUDICIAIS
2007,92,DESPESAS DE EXERCICIOS ANTERIORES
2007,93,INDENIZACOES E RESTITUICOES
2007,94,INDENIZACOES E RESTITUICOES TRABALHISTAS
2007,95,INDENIZACAO PELA EXECUCAO DE TRABALHOS DE CAMPO
2007,96,RESSARCIMENTO DE DESPESAS DE PESSOAL REQUISITADO
2007,99,A CLASSIFICAR
2008,0,SEM INFORMACAO
2008,1,APOSENTADORIAS E REFORMAS
2008,3,PENSOES
2008,4,CONTRATACAO POR TEMPO DETERMINADO
2008,5,OUTROS BENEFICIOS PREVIDENCIARIOS
2008,7,CONTRIBUICAO A ENTIDADES FECHADAS DE PREVIDENCIA
2008,8,OUTROS BENEFICIOS ASSISTENCIAIS
2008,9,SALARIO-FAMILIA
2008,10,OUTROS BENEFICIOS DE NATUREZA SOCIAL
2008,11,VENCIMENTOS E VANTAGENS FIXAS - PESSOAL CIVIL
2008,12,VENCIMENTOS E VANTAGENS FIXAS - PESSOAL MILITAR
2008,13,OBRIGACOES PATRONAIS
2008,14,DIARIAS - CIVIL
2008,15,DIARIAS - MILITAR
2008,16,OUTRAS DESPESAS VARIAVEIS - PESSOAL CIVIL
2008,17,OUTRAS DESPESAS VARIAVEIS - PESSOAL MILITAR
2008,18,AUXILIO FINANCEIRO A ESTUDANTES
2008,19,AUXILIO-FARDAMENTO
2008,20,AUXILIO FINANCEIRO A PESQUISADORES
2008,21,JUROS SOBRE A DIVIDA POR CONTRATO
2008,22,OUTROS ENCARGOS SOBRE A DIVIDA POR CONTRATO
2008,27,"ENCARGOS PELA HONRA DE AVAIS, GARANTIAS, SEGUROS E SIMILARES"
2008,30,MATERIAL DE CONSUMO
2008,31,"PREMIACOES CULTURAIS, ARTISTICAS, CIENTIFICAS, DESPORTIVAS E OUTRAS."
2008,32,MATERIAL DE DISTRIBUICAO GRATUITA
2008,33,PASSAGENS E DESPESAS COM LOCOMOCAO
2008,34,OUTRAS DESPESAS DE PESSOAL DECORRENTES DE CONTRATOS DE TERCEIRIZACAO
2008,35,SERVICOS DE CONSULTORIA
2008,36,OUTROS SERVICOS DE TERCEIROS - PESSOA FISICA
2008,37,LOCACAO DE MAO-DE-OBRA
2008,38,ARRENDAMENTO MERCANTIL
2008,39,OUTROS SERVICOS DE TERCEIROS - PESSOA JURIDICA
2008,41,CONTRIBUICOES
2008,42,AUXILIOS
2008,43,SUBVENCOES SOCIAIS
2008,46,AUXILIO-ALIMENTACAO
2008,47,OBRIGACOES TRIBUTARIAS E CONTRIBUTIVAS
2008,48,OUTROS AUXILIOS FINANCEIROS A PESSOAS FISICAS
2008,49,AUXILIO-TRANSPORTE
2008,51,OBRAS E INSTALACOES
2008,52,EQUIPAMENTOS E MATERIAL PERMANENTE
2008,61,AQUISICAO DE IMOVEIS
2008,63,AQUISICAO DE TITULOS DE CREDITO
2008,65,CONSTITUICAO OU AUMENTO DE CAPITAL DE EMPRESAS
2008,66,CONCESSAO DE EMPRESTIMOS E FINANCIAMENTOS
2008,67,DEPOSITOS COMPULSORIOS
2008,71,PRINCIPAL DA DIVIDA CONTRATUAL RESGATADO
2008,81,DISTRIBUICAO CONSTITUCIONAL OU LEGAL DE RECEITAS
2008,91,SENTENCAS JUDICIAIS
2008,92,DESPESAS DE EXERCICIOS ANTERIORES
2008,93,INDENIZACOES E RESTITUICOES
2008,94,INDENIZACOES E RESTITUICOES TRABALHISTAS
2008,96,RESSARCIMENTO DE DESPESAS DE PESSOAL REQUISITADO
2008,99,A CLASSIFICAR
2009,0,SEM INFORMACAO
2009,1,APOSENTADORIAS E REFORMAS
2009,3,PENSOES
2009,4,CONTRATACAO POR TEMPO DETERMINADO
2009,5,OUTROS BENEFICIOS PREVIDENCIARIOS
2009,6,BENEFICIO MENSAL AO DEFICIENTE E AO IDOSO
2009,7,CONTRIBUICAO A ENTIDADES FECHADAS DE PREVIDENCIA
2009,8,OUTROS BENEFICIOS ASSISTENCIAIS
2009,9,SALARIO-FAMILIA
2009,11,VENCIMENTOS E VANTAGENS FIXAS - PESSOAL CIVIL
2009,12,VENCIMENTOS E VANTAGENS FIXAS - PESSOAL MILITAR
2009,13,OBRIGACOES PATRONAIS
2009,14,DIARIAS - CIVIL
2009,15,DIARIAS - MILITAR
2009,16,OUTRAS DESPESAS VARIAVEIS - PESSOAL CIVIL
2009,17,OUTRAS DESPESAS VARIAVEIS - PESSOAL MILITAR
2009,18,AUXILIO FINANCEIRO A ESTUDANTES
2009,19,AUXILIO-FARDAMENTO
2009,20,AUXILIO FINANCEIRO A PESQUISADORES
2009,21,JUROS SOBRE A DIVIDA POR CONTRATO
2009,22,OUTROS ENCARGOS SOBRE A DIVIDA POR CONTRATO
2009,27,"ENCARGOS PELA HONRA DE AVAIS, GARANTIAS, SEGUROS E SIMILARES"
2009,30,MATERIAL DE CONSUMO
2009,31,"PREMIACOES CULTURAIS, ARTISTICAS, CIENTIFICAS, DESPORTIVAS E OUTRAS."
2009,32,MATERIAL DE DISTRIBUICAO GRATUITA
2009,33,PASSAGENS E DESPESAS COM LOCOMOCAO
2009,34,OUTRAS DESPESAS DE PESSOAL DECORRENTES DE CONTRATOS DE TERCEIRIZACAO
2009,35,SERVICOS DE CONSULTORIA
2009,36,OUTROS SERVICOS DE TERCEIROS - PESSOA FISICA
2009,37,LOCACAO DE MAO-DE-OBRA
2009,38,ARRENDAMENTO MERCANTIL
2009,39,OUTROS SERVICOS DE TERCEIROS - PESSOA JURIDICA
2009,41,CONTRIBUICOES
2009,42,AUXILIOS
2009,43,SUBVENCOES SOCIAIS
2009,45,EQUALIZACAO DE PRECOS E TAXAS
2009,46,AUXILIO-ALIMENTACAO
2009,47,OBRIGACOES TRIBUTARIAS E CONTRIBUTIVAS
2009,48,OUTROS AUXILIOS FINANCEIROS A PESSOAS FISICAS
2009,49,AUXILIO-TRANSPORTE
2009,51,OBRAS E INSTALACOES
2009,52,EQUIPAMENTOS E MATERIAL PERMANENTE
2009,61,AQUISICAO DE IMOVEIS
2009,63,AQUISICAO DE TITULOS DE CREDITO
2009,64,AQUISICAO DE TITULOS REPRESENTATIVOS DE CAPITAL JA INTEGRALIZADO
2009,65,CONSTITUICAO OU AUMENTO DE CAPITAL DE EMPRESAS
2009,66,CONCESSAO DE EMPRESTIMOS E FINANCIAMENTOS
2009,71,PRINCIPAL DA DIVIDA CONTRATUAL RESGATADO
2009,81,DISTRIBUICAO CONSTITUCIONAL OU LEGAL DE RECEITAS
2009,91,SENTENCAS JUDICIAIS
2009,92,DESPESAS DE EXERCICIOS ANTERIORES
2009,93,INDENIZACOES E RESTITUICOES
2009,94,INDENIZACOES E RESTITUICOES TRABALHISTAS
2009,95,INDENIZACAO PELA EXECUCAO DE TRABALHOS DE CAMPO
2009,96,RESSARCIMENTO DE DESPESAS DE PESSOAL REQUISITADO
2009,99,A CLASSIFICAR
2010,0,SEM INFORMACAO
2010,1,APOSENTADORIAS E REFORMAS
2010,3,PENSOES
2010,4,CONTRATACAO POR TEMPO DETERMINADO
2010,5,OUTROS BENEFICIOS PREVIDENCIARIOS
2010,7,CONTRIBUICAO A ENTIDADES FECHADAS DE PREVIDENCIA
2010,8,OUTROS BENEFICIOS ASSISTENCIAIS
2010,9,SALARIO-FAMILIA
2010,10,OUTROS BENEFICIOS DE NATUREZA SOCIAL
2010,11,VENCIMENTOS E VANTAGENS FIXAS - PESSOAL CIVIL
2010,12,VENCIMENTOS E VANTAGENS FIXAS - PESSOAL  MILITAR
2010,12,VENCIMENTOS E VANTAGENS FIXAS ¿ PESSOAL  MILITAR
2010,13,OBRIGACOES PATRONAIS
2010,14,DIARIAS - CIVIL
2010,15,DIARIAS - MILITAR
2010,16,OUTRAS DESPESAS VARIAVEIS - PESSOAL CIVIL
2010,17,OUTRAS DESPESAS VARIAVEIS - PESSOAL MILITAR
2010,18,AUXILIO FINANCEIRO A ESTUDANTES
2010,19,AUXILIO-FARDAMENTO
2010,20,AUXILIO FINANCEIRO A PESQUISADORES
2010,21,JUROS SOBRE A DIVIDA POR CONTRATO
2010,22,OUTROS ENCARGOS SOBRE A DIVIDA POR CONTRATO
2010,27,"ENCARGOS PELA HONRA DE AVAIS, GARANTIAS, SEGUROS E SIMILARES"
2010,30,MATERIAL DE CONSUMO
2010,31,"PREMIACOES CULTURAIS, ARTISTICAS, CIENTIFICAS, DESPORTIVAS E OUTRAS."
2010,32,MATERIAL DE DISTRIBUICAO GRATUITA
2010,33,PASSAGENS E DESPESAS COM LOCOMOCAO
2010,34,OUTRAS DESPESAS DE PESSOAL DECORRENTES DE CONTRATOS DE TERCEIRIZACAO
2010,35,SERVICOS DE CONSULTORIA
2010,36,OUTROS SERVICOS DE TERCEIROS - PESSOA FISICA
2010,37,LOCACAO DE MAO-DE-OBRA
2010,38,ARRENDAMENTO MERCANTIL
2010,39,OUTROS SERVICOS DE TERCEIROS - PESSOA JURIDICA
2010,41,CONTRIBUICOES
2010,42,AUXILIOS
2010,43,SUBVENCOES SOCIAIS
2010,45,EQUALIZACAO DE PRECOS E TAXAS
2010,46,AUXILIO-ALIMENTACAO
2010,47,OBRIGACOES TRIBUTARIAS E CONTRIBUTIVAS
2010,48,OUTROS AUXILIOS FINANCEIROS A PESSOAS FISICAS
2010,49,AUXILIO-TRANSPORTE
2010,51,OBRAS E INSTALACOES
2010,52,EQUIPAMENTOS E MATERIAL PERMANENTE
2010,61,AQUISICAO DE IMOVEIS
2010,65,CONSTITUICAO OU AUMENTO DE CAPITAL DE EMPRESAS
2010,66,CONCESSAO DE EMPRESTIMOS E FINANCIAMENTOS
2010,67,DEPOSITOS COMPULSORIOS
2010,71,PRINCIPAL DA DIVIDA CONTRATUAL RESGATADO
2010,81,DISTRIBUICAO CONSTITUCIONAL OU LEGAL DE RECEITAS
2010,91,SENTENCAS JUDICIAIS
2010,92,DESPESAS DE EXERCICIOS ANTERIORES
2010,93,INDENIZACOES E RESTITUICOES
2010,94,INDENIZACOES E RESTITUICOES TRABALHISTAS
2010,96,RESSARCIMENTO DE DESPESAS DE PESSOAL REQUISITADO
2010,99,A CLASSIFICAR
2011,0,SEM INFORMACAO
2011,1,"APOSENTADORIAS, RESERVA REMUNERADA E REFORMAS"
2011,3,PENSOES
2011,4,CONTRATACAO POR TEMPO DETERMINADO
2011,5,OUTROS BENEFICIOS PREVIDENCIARIOS
2011,7,CONTRIBUICAO A ENTIDADES FECHADAS DE PREVIDENCIA
2011,8,OUTROS BENEFICIOS ASSISTENCIAIS
2011,9,SALARIO-FAMILIA
2011,10,OUTROS BENEFICIOS DE NATUREZA SOCIAL
2011,11,VENCIMENTOS E VANTAGENS FIXAS-PESSOAL CIVIL
2011,12,VENCIMENTOS E VANTAGENS FIXAS - PESSOAL  MILITAR
2011,12,VENCIMENTOS E VANTAGENS FIXAS ¿ PESSOAL  MILITAR
2011,13,OBRIGACOES PATRONAIS
2011,14,DIARIAS - CIVIL
2011,15,DIARIAS - MILITAR
2011,16,OUTRAS DESPESAS VARIAVEIS - PESSOAL CIVIL
2011,17,OUTRAS DESPESAS VARIAVEIS - PESSOAL MILITAR
2011,18,AUXILIO FINANCEIRO A ESTUDANTES
2011,19,AUXILIO-FARDAMENTO
2011,20,AUXILIO FINANCEIRO A PESQUISADORES
2011,21,JUROS SOBRE A DIVIDA POR CONTRATO
2011,22,OUTROS ENCARGOS SOBRE A DIVIDA POR CONTRATO
2011,27,"ENCARGOS PELA HONRA DE AVAIS, GARANTIAS, SEGUROS E SIMILARES"
2011,30,MATERIAL DE CONSUMO
2011,31,"PREMIACOES CULTURAIS, ARTISTICAS, CIENTIFICAS, DESPORTIVAS E OUTRAS."
2011,32,"MATERIAL, BEM OU SERVICO PARA DISTRIBUICAO GRATUITA"
2011,33,PASSAGENS E DESPESAS COM LOCOMOCAO
2011,34,OUTRAS DESPESAS DE PESSOAL DECORRENTES DE CONTRATOS DE TERCEIRIZACAO
2011,35,SERVICOS DE CONSULTORIA
2011,36,OUTROS SERVICOS DE TERCEIROS - PESSOA FISICA
2011,37,LOCACAO DE MAO-DE-OBRA
2011,38,ARRENDAMENTO MERCANTIL
2011,39,OUTROS SERVICOS DE TERCEIROS - PESSOA JURIDICA
2011,41,CONTRIBUICOES
2011,42,AUXILIOS
2011,43,SUBVENCOES SOCIAIS
2011,45,EQUALIZACAO DE PRECOS E TAXAS
2011,46,AUXILIO-ALIMENTACAO
2011,47,OBRIGACOES TRIBUTARIAS E CONTRIBUTIVAS
2011,48,OUTROS AUXILIOS FINANCEIROS A PESSOAS FISICAS
2011,49,AUXILIO-TRANSPORTE
2011,51,OBRAS E INSTALACOES
2011,52,EQUIPAMENTOS E MATERIAL PERMANENTE
2011,61,AQUISICAO DE IMOVEIS
2011,65,CONSTITUICAO OU AUMENTO DE CAPITAL DE EMPRESAS
2011,66,CONCESSAO DE EMPRESTIMOS E FINANCIAMENTOS
2011,67,DEPOSITOS COMPULSORIOS
2011,71,PRINCIPAL DA DIVIDA CONTRATUAL RESGATADO
2011,81,DISTRIBUICAO CONSTITUCIONAL OU LEGAL DE RECEITAS
2011,91,SENTENCAS JUDICIAIS
2011,92,DESPESAS DE EXERCICIOS ANTERIORES
2011,93,INDENIZACOES E RESTITUICOES
2011,94,INDENIZACOES E RESTITUICOES TRABALHISTAS
2011,95,INDENIZACAO PELA EXECUCAO DE TRABALHOS DE CAMPO
2011,96,RESSARCIMENTO DE DESPESAS DE PESSOAL REQUISITADO
2011,97,APORTE PARA COBERTURA DO DEFICT ATUARIAL DO RPPS
2011,99,A CLASSIFICAR
2012,0,SEM INFORMACAO
2012,1,"APOSENTADORIAS DO RPPS, RESERVA REMUNERADA E REFORMAS DOS MILITARES"
2012,1,"APOSENTADORIAS, RESERVA REMUNERADA E REFORMAS"
2012,3,PENSOES
2012,3,PENSOES DO RPPS E DO MILITAR
2012,4,CONTRATACAO POR TEMPO DETERMINADO
2012,5,OUTROS BENEFICIOS PREVIDENCIARIOS
2012,5,OUTROS BENEFICIOS PREVIDENCIARIOS DO SERVIDOR OU DO MILITAR
2012,7,CONTRIBUICAO A ENTIDADES FECHADAS DE PREVIDENCIA
2012,8,OUTROS BENEFICIOS ASSISTENCIAIS
2012,8,OUTROS BENEFICIOS ASSISTENCIAIS DO SERVIDOR E DO MILITAR
2012,9,SALARIO-FAMILIA
2012,10,OUTROS BENEFICIOS DE NATUREZA SOCIAL
2012,11,VENCIMENTOS E VANTAGENS FIXAS-PESSOAL CIVIL
2012,12,VENCIMENTOS E VANTAGENS FIXAS PESSOAL  MILITAR
2012,12,VENCIMENTOS E VANTAGENS FIXAS ¿ PESSOAL  MILITAR
2012,13,OBRIGACOES PATRONAIS
2012,14,DIARIAS - CIVIL
2012,15,DIARIAS - MILITAR
2012,16,OUTRAS DESPESAS VARIAVEIS - PESSOAL CIVIL
2012,17,OUTRAS DESPESAS VARIAVEIS - PESSOAL MILITAR
2012,18,AUXILIO FINANCEIRO A ESTUDANTES
2012,19,AUXILIO-FARDAMENTO
2012,20,AUXILIO FINANCEIRO A PESQUISADORES
2012,21,JUROS SOBRE A DIVIDA POR CONTRATO
2012,22,OUTROS ENCARGOS SOBRE A DIVIDA POR CONTRATO
2012,27,"ENCARGOS PELA HONRA DE AVAIS, GARANTIAS, SEGUROS E SIMILARES"
2012,29,DISTRIBUICAO DE RESULTADO DE EMPRESAS ESTATAIS DEPENDENTES
2012,30,MATERIAL DE CONSUMO
2012,31,"PREMIACOES CULTURAIS, ARTISTICAS, CIENTIFICAS, DESPORTIVAS E OUTRAS."
2012,32,"MATERIAL, BEM OU SERVICO PARA DISTRIBUICAO GRATUITA"
2012,33,PASSAGENS E DESPESAS COM LOCOMOCAO
2012,34,OUTRAS DESPESAS DE PESSOAL DECORRENTES DE CONTRATOS DE TERCEIRIZACAO
2012,35,SERVICOS DE CONSULTORIA
2012,36,OUTROS SERVICOS DE TERCEIROS - PESSOA FISICA
2012,36,OUTROS SERVICOS DE TERCEIROS PESSOA FISICA
2012,37,LOCACAO DE MAO-DE-OBRA
2012,38,ARRENDAMENTO MERCANTIL
2012,39,OUTROS SERVICOS DE TERCEIROS - PESSOA JURIDICA
2012,41,CONTRIBUICOES
2012,42,AUXILIOS
2012,43,SUBVENCOES SOCIAIS
2012,46,AUXILIO-ALIMENTACAO
2012,47,OBRIGACOES TRIBUTARIAS E CONTRIBUTIVAS
2012,48,OUTROS AUXILIOS FINANCEIROS A PESSOAS FISICAS
2012,49,AUXILIO-TRANSPORTE
2012,51,OBRAS E INSTALACOES
2012,52,EQUIPAMENTOS E MATERIAL PERMANENTE
2012,61,AQUISICAO DE IMOVEIS
2012,65,CONSTITUICAO OU AUMENTO DE CAPITAL DE EMPRESAS
2012,66,CONCESSAO DE EMPRESTIMOS E FINANCIAMENTOS
2012,71,PRINCIPAL DA DIVIDA CONTRATUAL RESGATADO
2012,81,DISTRIBUICAO CONSTITUCIONAL OU LEGAL DE RECEITAS
2012,91,SENTENCAS JUDICIAIS
2012,92,DESPESAS DE EXERCICIOS ANTERIORES
2012,93,INDENIZACOES E RESTITUICOES
2012,94,INDENIZACOES E RESTITUICOES TRABALHISTAS
2012,96,RESSARCIMENTO DE DESPESAS DE PESSOAL REQUISITADO
2012,97,APORTE PARA COBERTURA DO DEFICIT ATUARIAL DO RPPS
2012,99,A CLASSIFICAR
2013,0,SEM INFORMACAO
2013,1,"APOSENTADORIAS DO RPPS, RESERVA REMUNERADA E REFORMAS DOS MILITARES"
2013,3,PENSOES DO RPPS E DO MILITAR
2013,4,CONTRATACAO POR TEMPO DETERMINADO
2013,5,OUTROS BENEFICIOS PREVIDENCIARIOS DO SERVIDOR OU DO MILITAR
2013,6,BENEFICIO MENSAL AO DEFICIENTE E AO IDOSO
2013,7,CONTRIBUICAO A ENTIDADES FECHADAS DE PREVIDENCIA
2013,8,OUTROS BENEFICIOS ASSISTENCIAIS DO SERVIDOR E DO MILITAR
2013,10,SEGURO DESEMPREGO E ABONO SALARIAL
2013,11,VENCIMENTOS E VANTAGENS FIXAS-PESSOAL CIVIL
2013,12,VENCIMENTOS E VANTAGENS FIXAS - PESSOAL  MILITAR
2013,12,VENCIMENTOS E VANTAGENS FIXAS ¿ PESSOAL  MILITAR
2013,13,OBRIGACOES PATRONAIS
2013,14,DIARIAS - CIVIL
2013,15,DIARIAS - MILITAR
2013,16,OUTRAS DESPESAS VARIAVEIS - PESSOAL CIVIL
2013,17,OUTRAS DESPESAS VARIAVEIS - PESSOAL MILITAR
2013,18,AUXILIO FINANCEIRO A ESTUDANTES
2013,19,AUXILIO-FARDAMENTO
2013,20,AUXILIO FINANCEIRO A PESQUISADORES
2013,21,JUROS SOBRE A DIVIDA POR CONTRATO
2013,22,OUTROS ENCARGOS SOBRE A DIVIDA POR CONTRATO
2013,27,"ENCARGOS PELA HONRA DE AVAIS, GARANTIAS, SEGUROS E SIMILARES"
2013,29,DISTRIBUICAO DE RESULTADO DE EMPRESAS ESTATAIS DEPENDENTES
2013,30,MATERIAL DE CONSUMO
2013,31,"PREMIACOES CULTURAIS, ARTISTICAS, CIENTIFICAS, DESPORTIVAS E OUTRAS."
2013,32,"MATERIAL, BEM OU SERVICO PARA DISTRIBUICAO GRATUITA"
2013,33,PASSAGENS E DESPESAS COM LOCOMOCAO
2013,34,OUTRAS DESPESAS DE PESSOAL DECORRENTES DE CONTRATOS DE TERCEIRIZACAO
2013,35,SERVICOS DE CONSULTORIA
2013,36,OUTROS SERVICOS DE TERCEIROS - PESSOA FISICA
2013,36,OUTROS SERVICOS DE TERCEIROS PESSOA FISICA
2013,37,LOCACAO DE MAO-DE-OBRA
2013,39,OUTROS SERVICOS DE TERCEIROS - PESSOA JURIDICA
2013,41,CONTRIBUICOES
2013,42,AUXILIOS
2013,43,SUBVENCOES SOCIAIS
2013,45,SUBVENCOES ECONOMICAS
2013,46,AUXILIO-ALIMENTACAO
2013,47,OBRIGACOES TRIBUTARIAS E CONTRIBUTIVAS
2013,48,OUTROS AUXILIOS FINANCEIROS A PESSOAS FISICAS
2013,49,AUXILIO-TRANSPORTE
2013,51,OBRAS E INSTALACOES
2013,52,EQUIPAMENTOS E MATERIAL PERMANENTE
2013,59,PENSOES ESPECIAIS
2013,61,AQUISICAO DE IMOVEIS
2013,65,CONSTITUICAO OU AUMENTO DE CAPITAL DE EMPRESAS
2013,66,CONCESSAO DE EMPRESTIMOS E FINANCIAMENTOS
2013,67,DEPOSITOS COMPULSORIOS
2013,71,PRINCIPAL DA DIVIDA CONTRATUAL RESGATADO
2013,81,DISTRIBUICAO CONSTITUCIONAL OU LEGAL DE RECEITAS
2013,91,SENTENCAS JUDICIAIS
2013,92,DESPESAS DE EXERCICIOS ANTERIORES
2013,93,INDENIZACOES E RESTITUICOES
2013,94,INDENIZACOES E RESTITUICOES TRABALHISTAS
2013,96,RESSARCIMENTO DE DESPESAS DE PESSOAL REQUISITADO
2013,97,APORTE PARA COBERTURA DO DEFICIT ATUARIAL DO RPPS
2013,99,A CLASSIFICAR
2014,0,SEM INFORMACAO
2014,1,"APOSENTADORIAS DO RPPS, RESERVA REMUNERADA E REFORMAS DOS MILITARES"
2014,3,PENSOES DO RPPS E DO MILITAR
2014,4,CONTRATACAO POR TEMPO DETERMINADO
2014,5,OUTROS BENEFICIOS PREVIDENCIARIOS DO SERVIDOR OU DO MILITAR
2014,6,BENEFICIO MENSAL AO DEFICIENTE E AO IDOSO
2014,8,OUTROS BENEFICIOS ASSISTENCIAIS DO SERVIDOR E DO MILITAR
2014,10,SEGURO DESEMPREGO E ABONO SALARIAL
2014,11,VENCIMENTOS E VANTAGENS FIXAS - PESSOAL CIVIL
2014,11,VENCIMENTOS E VANTAGENS FIXAS-PESSOAL CIVIL
2014,12,VENCIMENTOS E VANTAGENS FIXAS - PESSOAL MILITAR
2014,12,VENCIMENTOS E VANTAGENS FIXAS ¿ PESSOAL  MILITAR
2014,13,OBRIGACOES PATRONAIS
2014,14,DIARIAS - CIVIL
2014,15,DIARIAS - MILITAR
2014,16,OUTRAS DESPESAS VARIAVEIS - PESSOAL CIVIL
2014,17,OUTRAS DESPESAS VARIAVEIS - PESSOAL MILITAR
2014,18,AUXILIO FINANCEIRO A ESTUDANTES
2014,19,AUXILIO-FARDAMENTO
2014,20,AUXILIO FINANCEIRO A PESQUISADORES
2014,21,JUROS SOBRE A DIVIDA POR CONTRATO
2014,22,OUTROS ENCARGOS SOBRE A DIVIDA POR CONTRATO
2014,27,"ENCARGOS PELA HONRA DE AVAIS, GARANTIAS, SEGUROS E SIMILARES"
2014,30,MATERIAL DE CONSUMO
2014,31,"PREMIACOES CULTURAIS, ARTISTICAS, CIENTIFICAS, DESPORTIVAS E OUTRAS."
2014,32,"MATERIAL, BEM OU SERVICO PARA DISTRIBUICAO GRATUITA"
2014,33,PASSAGENS E DESPESAS COM LOCOMOCAO
2014,34,OUTRAS DESPESAS DE PESSOAL DECORRENTES DE CONTRATOS DE TERCEIRIZACAO
2014,35,SERVICOS DE CONSULTORIA
2014,36,OUTROS SERVICOS DE TERCEIROS PESSOA FISICA
2014,36,OUTROS SERVICOS DE TERCEIROS ¿ PESSOA FISICA
2014,37,LOCACAO DE MAO-DE-OBRA
2014,38,ARRENDAMENTO MERCANTIL
2014,39,OUTROS SERVICOS DE TERCEIROS - PESSOA JURIDICA
2014,41,CONTRIBUICOES
2014,42,AUXILIOS
2014,43,SUBVENCOES SOCIAIS
2014,45,SUBVENCOES ECONOMICAS
2014,46,AUXILIO-ALIMENTACAO
2014,47,OBRIGACOES TRIBUTARIAS E CONTRIBUTIVAS
2014,48,OUTROS AUXILIOS FINANCEIROS A PESSOAS FISICAS
2014,49,AUXILIO-TRANSPORTE
2014,51,OBRAS E INSTALACOES
2014,52,EQUIPAMENTOS E MATERIAL PERMANENTE
2014,59,PENSOES ESPECIAIS
2014,61,AQUISICAO DE IMOVEIS
2014,65,CONSTITUICAO OU AUMENTO DE CAPITAL DE EMPRESAS
2014,66,CONCESSAO DE EMPRESTIMOS E FINANCIAMENTOS
2014,71,PRINCIPAL DA DIVIDA CONTRATUAL RESGATADO
2014,81,DISTRIBUICAO CONSTITUCIONAL OU LEGAL DE RECEITAS
2014,91,SENTENCAS JUDICIAIS
2014,92,DESPESAS DE EXERCICIOS ANTERIORES
2014,93,INDENIZACOES E RESTITUICOES
2014,94,INDENIZACOES E RESTITUICOES TRABALHISTAS
2014,96,RESSARCIMENTO DE DESPESAS DE PESSOAL REQUISITADO
2014,97,APORTE PARA COBERTURA DO DEFICIT ATUARIAL DO RPPS
2014,99,A CLASSIFICAR
2015,0,SEM INFORMACAO
2015,1,"APOSENTADORIAS DO RPPS, RESERVA REMUNERADA E REFORMAS DOS MILITARES"
2015,3,PENSOES DO RPPS E DO MILITAR
2015,4,CONTRATACAO POR TEMPO DETERMINADO
2015,5,OUTROS BENEFICIOS PREVIDENCIARIOS DO SERVIDOR OU DO MILITAR
2015,8,OUTROS BENEFICIOS ASSISTENCIAIS DO SERVIDOR E DO MILITAR
2015,11,VENCIMENTOS E VANTAGENS FIXAS-PESSOAL CIVIL
2015,12,VENCIMENTOS E VANTAGENS FIXAS - PESSOAL  MILITAR
2015,13,OBRIGACOES PATRONAIS
2015,14,DIARIAS - CIVIL
2015,15,DIARIAS - MILITAR
2015,16,OUTRAS DESPESAS VARIAVEIS - PESSOAL CIVIL
2015,17,OUTRAS DESPESAS VARIAVEIS - PESSOAL MILITAR
2015,18,AUXILIO FINANCEIRO A ESTUDANTES
2015,19,AUXILIO-FARDAMENTO
2015,20,AUXILIO FINANCEIRO A PESQUISADORES
2015,21,JUROS SOBRE A DIVIDA POR CONTRATO
2015,22,OUTROS ENCARGOS SOBRE A DIVIDA POR CONTRATO
2015,27,"ENCARGOS PELA HONRA DE AVAIS, GARANTIAS, SEGUROS E SIMILARES"
2015,30,MATERIAL DE CONSUMO
2015,31,"PREMIACOES CULTURAIS, ARTISTICAS, CIENTIFICAS, DESPORTIVAS E OUTRAS."
2015,32,"MATERIAL, BEM OU SERVICO PARA DISTRIBUICAO GRATUITA"
2015,33,PASSAGENS E DESPESAS COM LOCOMOCAO
2015,34,OUTRAS DESPESAS DE PESSOAL DECORRENTES DE CONTRATOS DE TERCEIRIZACAO
2015,35,SERVICOS DE CONSULTORIA
2015,36,OUTROS SERVICOS DE TERCEIROS - PESSOA FISICA
2015,37,LOCACAO DE MAO-DE-OBRA
2015,38,ARRENDAMENTO MERCANTIL
2015,39,OUTROS SERVICOS DE TERCEIROS - PESSOA JURIDICA
2015,41,CONTRIBUICOES
2015,42,AUXILIOS
2015,43,SUBVENCOES SOCIAIS
2015,45,SUBVENCOES ECONOMICAS
2015,46,AUXILIO-ALIMENTACAO
2015,47,OBRIGACOES TRIBUTARIAS E CONTRIBUTIVAS
2015,48,OUTROS AUXILIOS FINANCEIROS A PESSOAS FISICAS
2015,49,AUXILIO-TRANSPORTE
2015,51,OBRAS E INSTALACOES
2015,52,EQUIPAMENTOS E MATERIAL PERMANENTE
2015,59,PENSOES ESPECIAIS
2015,61,AQUISICAO DE IMOVEIS
2015,65,CONSTITUICAO OU AUMENTO DE CAPITAL DE EMPRESAS
2015,66,CONCESSAO DE EMPRESTIMOS E FINANCIAMENTOS
2015,71,PRINCIPAL DA DIVIDA CONTRATUAL RESGATADO
2015,81,DISTRIBUICAO CONSTITUCIONAL OU LEGAL DE RECEITAS
2015,91,SENTENCAS JUDICIAIS
2015,92,DESPESAS DE EXERCICIOS ANTERIORES
2015,93,INDENIZACOES E RESTITUICOES
2015,94,INDENIZACOES E RESTITUICOES TRABALHISTAS
2015,95,INDENIZACAO PELA EXECUCAO DE TRABALHOS DE CAMPO
2015,96,RESSARCIMENTO DE DESPESAS DE PESSOAL REQUISITADO
2015,97,APORTE PARA COBERTURA DO DEFICIT ATUARIAL DO RPPS
2015,99,A CLASSIFICAR
2016,0,SEM INFORMACAO
2016,1,"APOSENTADORIAS DO RPPS, RESERVA REMUNERADA E REFORMAS DOS MILITARES"
2016,3,PENSOES DO RPPS E DO MILITAR
2016,4,CONTRATACAO POR TEMPO DETERMINADO
2016,5,OUTROS BENEFICIOS PREVIDENCIARIOS DO SERVIDOR OU DO MILITAR
2016,6,BENEFICIO MENSAL AO DEFICIENTE E AO IDOSO
2016,7,CONTRIBUICAO A ENTIDADES FECHADAS DE PREVIDENCIA
2016,8,OUTROS BENEFICIOS ASSISTENCIAIS DO SERVIDOR E DO MILITAR
2016,10,SEGURO DESEMPREGO E ABONO SALARIAL
2016,11,VENCIMENTOS E VANTAGENS FIXAS-PESSOAL CIVIL
2016,12,VENCIMENTOS E VANTAGENS FIXAS - PESSOAL  MILITAR
2016,13,OBRIGACOES PATRONAIS
2016,14,DIARIAS - CIVIL
2016,15,DIARIAS - MILITAR
2016,16,OUTRAS DESPESAS VARIAVEIS - PESSOAL CIVIL
2016,17,OUTRAS DESPESAS VARIAVEIS - PESSOAL MILITAR
2016,18,AUXILIO FINANCEIRO A ESTUDANTES
2016,19,AUXILIO-FARDAMENTO
2016,20,AUXILIO FINANCEIRO A PESQUISADORES
2016,21,JUROS SOBRE A DIVIDA POR CONTRATO
2016,22,OUTROS ENCARGOS SOBRE A DIVIDA POR CONTRATO
2016,27,"ENCARGOS PELA HONRA DE AVAIS, GARANTIAS, SEGUROS E SIMILARES"
2016,28,REMUNERACAO DE COTAS DE FUNDOS AUTARQUICOS
2016,29,DISTRIBUICAO DE RESULTADO DE EMPRESAS ESTATAIS DEPENDENTES
2016,30,MATERIAL DE CONSUMO
2016,31,"PREMIACOES CULTURAIS, ARTISTICAS, CIENTIFICAS, DESPORTIVAS E OUTRAS."
2016,32,"MATERIAL, BEM OU SERVICO PARA DISTRIBUICAO GRATUITA"
2016,33,PASSAGENS E DESPESAS COM LOCOMOCAO
2016,34,OUTRAS DESPESAS DE PESSOAL DECORRENTES DE CONTRATOS DE TERCEIRIZACAO
2016,35,SERVICOS DE CONSULTORIA
2016,36,OUTROS SERVICOS DE TERCEIROS - PESSOA FISICA
2016,37,LOCACAO DE MAO-DE-OBRA
2016,38,ARRENDAMENTO MERCANTIL
2016,39,OUTROS SERVICOS DE TERCEIROS - PESSOA JURIDICA
2016,41,CONTRIBUICOES
2016,42,AUXILIOS
2016,43,SUBVENCOES SOCIAIS
2016,46,AUXILIO-ALIMENTACAO
2016,47,OBRIGACOES TRIBUTARIAS E CONTRIBUTIVAS
2016,48,OUTROS AUXILIOS FINANCEIROS A PESSOAS FISICAS
2016,49,AUXILIO-TRANSPORTE
2016,51,OBRAS E INSTALACOES
2016,52,EQUIPAMENTOS E MATERIAL PERMANENTE
2016,59,PENSOES ESPECIAIS
2016,61,AQUISICAO DE IMOVEIS
2016,65,CONSTITUICAO OU AUMENTO DE CAPITAL DE EMPRESAS
2016,66,CONCESSAO DE EMPRESTIMOS E FINANCIAMENTOS
2016,67,DEPOSITOS COMPULSORIOS
2016,71,PRINCIPAL DA DIVIDA CONTRATUAL RESGATADO
2016,81,DISTRIBUICAO CONSTITUCIONAL OU LEGAL DE RECEITAS
2016,91,SENTENCAS JUDICIAIS
2016,92,DESPESAS DE EXERCICIOS ANTERIORES
2016,93,INDENIZACOES E RESTITUICOES
2016,94,INDENIZACOES E RESTITUICOES TRABALHISTAS
2016,96,RESSARCIMENTO DE DESPESAS DE PESSOAL REQUISITADO
2016,97,APORTE PARA COBERTURA DO DEFICIT ATUARIAL DO RPPS
2016,99,A CLASSIFICAR
2017,0,SEM INFORMACAO
2017,1,"APOSENTADORIAS DO RPPS, RESERVA REMUNERADA E REFORMAS DOS MILITARES"
2017,3,PENSOES DO RPPS E DO MILITAR
2017,4,CONTRATACAO POR TEMPO DETERMINADO
2017,5,OUTROS BENEFICIOS PREVIDENCIARIOS DO SERVIDOR OU DO MILITAR
2017,7,CONTRIBUICAO A ENTIDADES FECHADAS DE PREVIDENCIA
2017,8,OUTROS BENEFICIOS ASSISTENCIAIS DO SERVIDOR E DO MILITAR
2017,10,SEGURO DESEMPREGO E ABONO SALARIAL
2017,11,VENCIMENTOS E VANTAGENS FIXAS-PESSOAL CIVIL
2017,12,VENCIMENTOS E VANTAGENS FIXAS - PESSOAL  MILITAR
2017,13,OBRIGACOES PATRONAIS
2017,14,DIARIAS - CIVIL
2017,15,DIARIAS - MILITAR
2017,16,OUTRAS DESPESAS VARIAVEIS - PESSOAL CIVIL
2017,17,OUTRAS DESPESAS VARIAVEIS - PESSOAL MILITAR
2017,18,AUXILIO FINANCEIRO A ESTUDANTES
2017,19,AUXILIO-FARDAMENTO
2017,20,AUXILIO FINANCEIRO A PESQUISADORES
2017,21,JUROS SOBRE A DIVIDA POR CONTRATO
2017,22,OUTROS ENCARGOS SOBRE A DIVIDA POR CONTRATO
2017,27,"ENCARGOS PELA HONRA DE AVAIS, GARANTIAS, SEGUROS E SIMILARES"
2017,28,REMUNERACAO DE COTAS DE FUNDOS AUTARQUICOS
2017,30,MATERIAL DE CONSUMO
2017,31,"PREMIACOES CULTURAIS, ARTISTICAS, CIENTIFICAS, DESPORTIVAS E OUTRAS."
2017,32,"MATERIAL, BEM OU SERVICO PARA DISTRIBUICAO GRATUITA"
2017,33,PASSAGENS E DESPESAS COM LOCOMOCAO
2017,34,OUTRAS DESPESAS DE PESSOAL DECORRENTES DE CONTRATOS DE TERCEIRIZACAO
2017,35,SERVICOS DE CONSULTORIA
2017,36,OUTROS SERVICOS DE TERCEIROS - PESSOA FISICA
2017,37,LOCACAO DE MAO-DE-OBRA
2017,38,ARRENDAMENTO MERCANTIL
2017,39,OUTROS SERVICOS DE TERCEIROS - PESSOA JURIDICA
2017,41,CONTRIBUICOES
2017,42,AUXILIOS
2017,43,SUBVENCOES SOCIAIS
2017,45,SUBVENCOES ECONOMICAS
2017,46,AUXILIO-ALIMENTACAO
2017,47,OBRIGACOES TRIBUTARIAS E CONTRIBUTIVAS
2017,48,OUTROS AUXILIOS FINANCEIROS A PESSOAS FISICAS
2017,49,AUXILIO-TRANSPORTE
2017,51,OBRAS E INSTALACOES
2017,52,EQUIPAMENTOS E MATERIAL PERMANENTE
2017,59,PENSOES ESPECIAIS
2017,61,AQUISICAO DE IMOVEIS
2017,65,CONSTITUICAO OU AUMENTO DE CAPITAL DE EMPRESAS
2017,66,CONCESSAO DE EMPRESTIMOS E FINANCIAMENTOS
2017,71,PRINCIPAL DA DIVIDA CONTRATUAL RESGATADO
2017,81,DISTRIBUICAO CONSTITUCIONAL OU LEGAL DE RECEITAS
2017,91,SENTENCAS JUDICIAIS
2017,92,DESPESAS DE EXERCICIOS ANTERIORES
2017,93,INDENIZACOES E RESTITUICOES
2017,94,INDENIZACOES E RESTITUICOES TRABALHISTAS
2017,96,RESSARCIMENTO DE DESPESAS DE PESSOAL REQUISITADO
2017,97,APORTE PARA COBERTURA DO DEFICIT ATUARIAL DO RPPS
2017,99,A CLASSIFICAR
2018,0,SEM INFORMACAO
2018,1,"APOSENTADORIAS DO RPPS, RESERVA REMUNERADA E REFORMAS DOS MILITARES"
2018,3,PENSOES DO RPPS E DO MILITAR
2018,4,CONTRATACAO POR TEMPO DETERMINADO
2018,5,OUTROS BENEFICIOS PREVIDENCIARIOS DO SERVIDOR OU DO MILITAR
2018,7,CONTRIBUICAO A ENTIDADES FECHADAS DE PREVIDENCIA
2018,8,OUTROS BENEFICIOS ASSISTENCIAIS DO SERVIDOR E DO MILITAR
2018,10,SEGURO DESEMPREGO E ABONO SALARIAL
2018,11,VENCIMENTOS E VANTAGENS FIXAS-PESSOAL CIVIL
2018,12,VENCIMENTOS E VANTAGENS FIXAS - PESSOAL  MILITAR
2018,13,OBRIGACOES PATRONAIS
2018,14,DIARIAS - CIVIL
2018,15,DIARIAS - MILITAR
2018,16,OUTRAS DESPESAS VARIAVEIS - PESSOAL CIVIL
2018,17,OUTRAS DESPESAS VARIAVEIS - PESSOAL MILITAR
2018,18,AUXILIO FINANCEIRO A ESTUDANTES
2018,19,AUXILIO-FARDAMENTO
2018,20,AUXILIO FINANCEIRO A PESQUISADORES
2018,21,JUROS SOBRE A DIVIDA POR CONTRATO
2018,22,OUTROS ENCARGOS SOBRE A DIVIDA POR CONTRATO
2018,30,MATERIAL DE CONSUMO
2018,31,"PREMIACOES CULTURAIS, ARTISTICAS, CIENTIFICAS, DESPORTIVAS E OUTRAS."
2018,32,"MATERIAL, BEM OU SERVICO PARA DISTRIBUICAO GRATUITA"
2018,33,PASSAGENS E DESPESAS COM LOCOMOCAO
2018,34,OUTRAS DESPESAS DE PESSOAL DECORRENTES DE CONTRATOS DE TERCEIRIZACAO
2018,35,SERVICOS DE CONSULTORIA
2018,36,OUTROS SERVICOS DE TERCEIROS - PESSOA FISICA
2018,37,LOCACAO DE MAO-DE-OBRA
2018,39,OUTROS SERVICOS DE TERCEIROS - PESSOA JURIDICA
2018,40,SERVICOS DE TECNOLOGIA DA INFORMACAO E COMUNICACAO - PESSOA JURIDICA
2018,41,CONTRIBUICOES
2018,42,AUXILIOS
2018,43,SUBVENCOES SOCIAIS
2018,45,SUBVENCOES ECONOMICAS
2018,46,AUXILIO-ALIMENTACAO
2018,47,OBRIGACOES TRIBUTARIAS E CONTRIBUTIVAS
2018,48,OUTROS AUXILIOS FINANCEIROS A PESSOAS FISICAS
2018,49,AUXILIO-TRANSPORTE
2018,51,OBRAS E INSTALACOES
2018,52,EQUIPAMENTOS E MATERIAL PERMANENTE
2018,59,PENSOES ESPECIAIS
2018,61,AQUISICAO DE IMOVEIS
2018,63,AQUISICAO DE TITULOS DE CREDITO
2018,65,CONSTITUICAO OU AUMENTO DE CAPITAL DE EMPRESAS
2018,66,CONCESSAO DE EMPRESTIMOS E FINANCIAMENTOS
2018,71,PRINCIPAL DA DIVIDA CONTRATUAL RESGATADO
2018,81,DISTRIBUICAO CONSTITUCIONAL OU LEGAL DE RECEITAS
2018,83,"DESPESAS DECORRENTES DE CONTRATO DE PARCERIA PUBLICO-PRIVADA - PPP, EXCETO SUBV"
2018,91,SENTENCAS JUDICIAIS
2018,92,DESPESAS DE EXERCICIOS ANTERIORES
2018,93,INDENIZACOES E RESTITUICOES
2018,94,INDENIZACOES E RESTITUICOES TRABALHISTAS
2018,96,RESSARCIMENTO DE DESPESAS DE PESSOAL REQUISITADO
2018,97,APORTE PARA COBERTURA DO DEFICIT ATUARIAL DO RPPS
2018,99,A CLASSIFICAR
2019,0,SEM INFORMACAO
2019,1,"APOSENTADORIAS DO RPPS, RESERVA REMUNERADA E REFORMAS DOS MILITARES"
2019,3,PENSOES DO RPPS E DO MILITAR
2019,4,CONTRATACAO POR TEMPO DETERMINADO
2019,5,OUTROS BENEFICIOS PREVIDENCIARIOS DO SERVIDOR OU DO MILITAR
2019,7,CONTRIBUICAO A ENTIDADES FECHADAS DE PREVIDENCIA
2019,8,OUTROS BENEFICIOS ASSISTENCIAIS DO SERVIDOR E DO MILITAR
2019,10,SEGURO DESEMPREGO E ABONO SALARIAL
2019,11,VENCIMENTOS E VANTAGENS FIXAS-PESSOAL CIVIL
2019,12,VENCIMENTOS E VANTAGENS FIXAS - PESSOAL  MILITAR
2019,13,OBRIGACOES PATRONAIS
2019,14,DIARIAS - CIVIL
2019,15,DIARIAS - MILITAR
2019,16,OUTRAS DESPESAS VARIAVEIS - PESSOAL CIVIL
2019,17,OUTRAS DESPESAS VARIAVEIS - PESSOAL MILITAR
2019,18,AUXILIO FINANCEIRO A ESTUDANTES
2019,19,AUXILIO-FARDAMENTO
2019,20,AUXILIO FINANCEIRO A PESQUISADORES
2019,21,JUROS SOBRE A DIVIDA POR CONTRATO
2019,22,OUTROS ENCARGOS SOBRE A DIVIDA POR CONTRATO
2019,27,"ENCARGOS PELA HONRA DE AVAIS, GARANTIAS, SEGUROS E SIMILARES"
2019,29,DISTRIBUICAO DE RESULTADO DE EMPRESAS ESTATAIS DEPENDENTES
2019,30,MATERIAL DE CONSUMO
2019,31,"PREMIACOES CULTURAIS, ARTISTICAS, CIENTIFICAS, DESPORTIVAS E OUTRAS."
2019,32,"MATERIAL, BEM OU SERVICO PARA DISTRIBUICAO GRATUITA"
2019,33,PASSAGENS E DESPESAS COM LOCOMOCAO
2019,34,OUTRAS DESPESAS DE PESSOAL DECORRENTES DE CONTRATOS DE TERCEIRIZACAO
2019,35,SERVICOS DE CONSULTORIA
2019,36,OUTROS SERVICOS DE TERCEIROS - PESSOA FISICA
2019,37,LOCACAO DE MAO-DE-OBRA
2019,39,OUTROS SERVICOS DE TERCEIROS - PESSOA JURIDICA
2019,40,SERVICOS DE TECNOLOGIA DA INFORMACAO E COMUNICACAO -  PESSOA JURIDICA
2019,41,CONTRIBUICOES
2019,42,AUXILIOS
2019,43,SUBVENCOES SOCIAIS
2019,45,SUBVENCOES ECONOMICAS
2019,46,AUXILIO-ALIMENTACAO
2019,47,OBRIGACOES TRIBUTARIAS E CONTRIBUTIVAS
2019,48,OUTROS AUXILIOS FINANCEIROS A PESSOAS FISICAS
2019,49,AUXILIO-TRANSPORTE
2019,51,OBRAS E INSTALACOES
2019,52,EQUIPAMENTOS E MATERIAL PERMANENTE
2019,59,PENSOES ESPECIAIS
2019,61,AQUISICAO DE IMOVEIS
2019,65,CONSTITUICAO OU AUMENTO DE CAPITAL DE EMPRESAS
2019,66,CONCESSAO DE EMPRESTIMOS E FINANCIAMENTOS
2019,71,PRINCIPAL DA DIVIDA CONTRATUAL RESGATADO
2019,81,DISTRIBUICAO CONSTITUCIONAL OU LEGAL DE RECEITAS
2019,83,"DESPESAS DECORRENTES DE CONTRATO DE PARCERIA PUBLICO-PRIVADA - PPP, EXCETO SUBV"
2019,91,SENTENCAS JUDICIAIS
2019,92,DESPESAS DE EXERCICIOS ANTERIORES
2019,93,INDENIZACOES E RESTITUICOES
2019,94,INDENIZACOES E RESTITUICOES TRABALHISTAS
2019,96,RESSARCIMENTO DE DESPESAS DE PESSOAL REQUISITADO
2019,97,APORTE PARA COBERTURA DO DEFICIT ATUARIAL DO RPPS
2019,99,A CLASSIFICAR
2020,0,SEM INFORMACAO
2020,1,"APOSENTADORIAS DO RPPS, RESERVA REMUNERADA E REFORMAS DOS MILITARES"
2020,3,PENSOES DO RPPS E DO MILITAR
2020,4,CONTRATACAO POR TEMPO DETERMINADO
2020,5,OUTROS BENEFICIOS PREVIDENCIARIOS DO SERVIDOR OU DO MILITAR
2020,7,CONTRIBUICAO A ENTIDADES FECHADAS DE PREVIDENCIA
2020,8,OUTROS BENEFICIOS ASSISTENCIAIS DO SERVIDOR E DO MILITAR
2020,11,VENCIMENTOS E VANTAGENS FIXAS-PESSOAL CIVIL
2020,12,VENCIMENTOS E VANTAGENS FIXAS - PESSOAL  MILITAR
2020,13,OBRIGACOES PATRONAIS
2020,14,DIARIAS - CIVIL
2020,15,DIARIAS - MILITAR
2020,16,OUTRAS DESPESAS VARIAVEIS - PESSOAL CIVIL
2020,17,OUTRAS DESPESAS VARIAVEIS - PESSOAL MILITAR
2020,18,AUXILIO FINANCEIRO A ESTUDANTES
2020,19,AUXILIO-FARDAMENTO
2020,20,AUXILIO FINANCEIRO A PESQUISADORES
2020,21,JUROS SOBRE A DIVIDA POR CONTRATO
2020,22,OUTROS ENCARGOS SOBRE A DIVIDA POR CONTRATO
2020,30,MATERIAL DE CONSUMO
2020,31,"PREMIACOES CULTURAIS, ARTISTICAS, CIENTIFICAS, DESPORTIVAS E OUTRAS."
2020,32,"MATERIAL, BEM OU SERVICO PARA DISTRIBUICAO GRATUITA"
2020,33,PASSAGENS E DESPESAS COM LOCOMOCAO
2020,34,OUTRAS DESPESAS DE PESSOAL DECORRENTES DE CONTRATOS DE TERCEIRIZACAO
2020,35,SERVICOS DE CONSULTORIA
2020,36,OUTROS SERVICOS DE TERCEIROS - PESSOA FISICA
2020,37,LOCACAO DE MAO-DE-OBRA
2020,39,OUTROS SERVICOS DE TERCEIROS - PESSOA JURIDICA
2020,40,SERVICOS DE TECNOLOGIA DA INFORMACAO E COMUNICACAO -  PESSOA JURIDICA
2020,41,CONTRIBUICOES
2020,42,AUXILIOS
2020,43,SUBVENCOES SOCIAIS
2020,45,SUBVENCOES ECONOMICAS
2020,46,AUXILIO-ALIMENTACAO
2020,47,OBRIGACOES TRIBUTARIAS E CONTRIBUTIVAS
2020,48,OUTROS AUXILIOS FINANCEIROS A PESSOAS FISICAS
2020,49,AUXILIO-TRANSPORTE
2020,51,OBRAS E INSTALACOES
2020,52,EQUIPAMENTOS E MATERIAL PERMANENTE
2020,59,PENSOES ESPECIAIS
2020,61,AQUISICAO DE IMOVEIS
2020,65,CONSTITUICAO OU AUMENTO DE CAPITAL DE EMPRESAS
2020,66,CONCESSAO DE EMPRESTIMOS E FINANCIAMENTOS
2020,71,PRINCIPAL DA DIVIDA CONTRATUAL RESGATADO
2020,81,DISTRIBUICAO CONSTITUCIONAL OU LEGAL DE RECEITAS
2020,83,"DESPESAS DECORRENTES DE CONTRATO DE PARCERIA PUBLICO-PRIVADA - PPP, EXCETO SUBV"
2020,91,SENTENCAS JUDICIAIS
2020,92,DESPESAS DE EXERCICIOS ANTERIORES
2020,93,INDENIZACOES E RESTITUICOES
2020,94,INDENIZACOES E RESTITUICOES TRABALHISTAS
2020,96,RESSARCIMENTO DE DESPESAS DE PESSOAL REQUISITADO
2020,97,APORTE PARA COBERTURA DO DEFICIT ATUARIAL DO RPPS
2020,99,A CLASSIFICAR
2021,0,SEM INFORMACAO
2021,1,"APOSENTADORIAS DO RPPS, RESERVA REMUNERADA E REFORMAS DOS MILITARES"
2021,3,PENSOES DO RPPS E DO MILITAR
2021,4,CONTRATACAO POR TEMPO DETERMINADO
2021,5,OUTROS BENEFICIOS PREVIDENCIARIOS DO SERVIDOR OU DO MILITAR
2021,7,CONTRIBUICAO A ENTIDADES FECHADAS DE PREVIDENCIA
2021,8,OUTROS BENEFICIOS ASSISTENCIAIS DO SERVIDOR E DO MILITAR
2021,10,SEGURO DESEMPREGO E ABONO SALARIAL
2021,11,VENCIMENTOS E VANTAGENS FIXAS-PESSOAL CIVIL
2021,12,VENCIMENTOS E VANTAGENS FIXAS - PESSOAL  MILITAR
2021,13,OBRIGACOES PATRONAIS
2021,14,DIARIAS - CIVIL
2021,15,DIARIAS - MILITAR
2021,16,OUTRAS DESPESAS VARIAVEIS - PESSOAL CIVIL
2021,17,OUTRAS DESPESAS VARIAVEIS - PESSOAL MILITAR
2021,18,AUXILIO FINANCEIRO A ESTUDANTES
2021,19,AUXILIO-FARDAMENTO
2021,20,AUXILIO FINANCEIRO A PESQUISADORES
2021,21,JUROS SOBRE A DIVIDA POR CONTRATO
2021,22,OUTROS ENCARGOS SOBRE A DIVIDA POR CONTRATO
2021,27,"ENCARGOS PELA HONRA DE AVAIS, GARANTIAS, SEGUROS E SIMILARES"
2021,30,MATERIAL DE CONSUMO
2021,31,"PREMIACOES CULTURAIS, ARTISTICAS, CIENTIFICAS, DESPORTIVAS E OUTRAS."
2021,32,"MATERIAL, BEM OU SERVICO PARA DISTRIBUICAO GRATUITA"
2021,33,PASSAGENS E DESPESAS COM LOCOMOCAO
2021,34,OUTRAS DESPESAS DE PESSOAL DECORRENTES DE CONTRATOS DE TERCEIRIZACAO
2021,35,SERVICOS DE CONSULTORIA
2021,36,OUTROS SERVICOS DE TERCEIROS - PESSOA FISICA
2021,37,LOCACAO DE MAO-DE-OBRA
2021,38,ARRENDAMENTO MERCANTIL
2021,39,OUTROS SERVICOS DE TERCEIROS - PESSOA JURIDICA
2021,40,SERVICOS DE TECNOLOGIA DA INFORMACAO E COMUNICACAO -  PESSOA JURIDICA
2021,41,CONTRIBUICOES
2021,42,AUXILIOS
2021,43,SUBVENCOES SOCIAIS
2021,45,SUBVENCOES ECONOMICAS
2021,46,AUXILIO-ALIMENTACAO
2021,47,OBRIGACOES TRIBUTARIAS E CONTRIBUTIVAS
2021,48,OUTROS AUXILIOS FINANCEIROS A PESSOAS FISICAS
2021,49,AUXILIO-TRANSPORTE
2021,51,OBRAS E INSTALACOES
2021,52,EQUIPAMENTOS E MATERIAL PERMANENTE
2021,59,PENSOES ESPECIAIS
2021,61,AQUISICAO DE IMOVEIS
2021,65,CONSTITUICAO OU AUMENTO DE CAPITAL DE EMPRESAS
2021,66,CONCESSAO DE EMPRESTIMOS E FINANCIAMENTOS
2021,71,PRINCIPAL DA DIVIDA CONTRATUAL RESGATADO
2021,81,DISTRIBUICAO CONSTITUCIONAL OU LEGAL DE RECEITAS
2021,83,"DESPESAS DECORRENTES DE CONTRATO DE PARCERIA PUBLICO-PRIVADA - PPP, EXCETO SUBV"
2021,91,SENTENCAS JUDICIAIS
2021,92,DESPESAS DE EXERCICIOS ANTERIORES
2021,93,INDENIZACOES E RESTITUICOES
2021,94,INDENIZACOES E RESTITUICOES TRABALHISTAS
2021,96,RESSARCIMENTO DE DESPESAS DE PESSOAL REQUISITADO
2021,97,APORTE PARA COBERTURA DO DEFICIT ATUARIAL DO RPPS
2021,99,A CLASSIFICAR
2022,0,SEM INFORMACAO
2022,1,"APOSENTADORIAS DO RPPS, RESERVA REMUNERADA E REFORMAS DOS MILITARES"
2022,3,PENSOES DO RPPS E DO MILITAR
2022,4,CONTRATACAO POR TEMPO DETERMINADO
2022,7,CONTRIBUICAO A ENTIDADES FECHADAS DE PREVIDENCIA
2022,8,OUTROS BENEFICIOS ASSISTENCIAIS DO SERVIDOR E DO MILITAR
2022,10,SEGURO DESEMPREGO E ABONO SALARIAL
2022,11,VENCIMENTOS E VANTAGENS FIXAS-PESSOAL CIVIL
2022,12,VENCIMENTOS E VANTAGENS FIXAS - PESSOAL  MILITAR
2022,13,OBRIGACOES PATRONAIS
2022,14,DIARIAS - CIVIL
2022,15,DIARIAS - MILITAR
2022,16,OUTRAS DESPESAS VARIAVEIS - PESSOAL CIVIL
2022,17,OUTRAS DESPESAS VARIAVEIS - PESSOAL MILITAR
2022,18,AUXILIO FINANCEIRO A ESTUDANTES
2022,19,AUXILIO-FARDAMENTO
2022,20,AUXILIO FINANCEIRO A PESQUISADORES
2022,21,JUROS SOBRE A DIVIDA POR CONTRATO
2022,22,OUTROS ENCARGOS SOBRE A DIVIDA POR CONTRATO
2022,27,"ENCARGOS PELA HONRA DE AVAIS, GARANTIAS, SEGUROS E SIMILARES"
2022,30,MATERIAL DE CONSUMO
2022,31,"PREMIACOES CULTURAIS, ARTISTICAS, CIENTIFICAS, DESPORTIVAS E OUTRAS."
2022,32,"MATERIAL, BEM OU SERVICO PARA DISTRIBUICAO GRATUITA"
2022,33,PASSAGENS E DESPESAS COM LOCOMOCAO
2022,34,OUTRAS DESPESAS DE PESSOAL DECORRENTES DE CONTRATOS DE TERCEIRIZACAO
2022,35,SERVICOS DE CONSULTORIA
2022,36,OUTROS SERVICOS DE TERCEIROS - PESSOA FISICA
2022,37,LOCACAO DE MAO-DE-OBRA
2022,38,ARRENDAMENTO MERCANTIL
2022,39,OUTROS SERVICOS DE TERCEIROS - PESSOA JURIDICA
2022,40,SERVICOS DE TECNOLOGIA DA INFORMACAO E COMUNICACAO -  PESSOA JURIDICA
2022,41,CONTRIBUICOES
2022,42,AUXILIOS
2022,43,SUBVENCOES SOCIAIS
2022,45,SUBVENCOES ECONOMICAS
2022,46,AUXILIO-ALIMENTACAO
2022,47,OBRIGACOES TRIBUTARIAS E CONTRIBUTIVAS
2022,48,OUTROS AUXILIOS FINANCEIROS A PESSOAS FISICAS
2022,49,AUXILIO-TRANSPORTE
2022,51,OBRAS E INSTALACOES
2022,52,EQUIPAMENTOS E MATERIAL PERMANENTE
2022,59,PENSOES ESPECIAIS
2022,61,AQUISICAO DE IMOVEIS
2022,65,CONSTITUICAO OU AUMENTO DE CAPITAL DE EMPRESAS
2022,66,CONCESSAO DE EMPRESTIMOS E FINANCIAMENTOS
2022,71,PRINCIPAL DA DIVIDA CONTRATUAL RESGATADO
2022,83,"DESPESAS DECORRENTES DE CONTRATO DE PARCERIA PUBLICO-PRIVADA - PPP, EXCETO SUBVENCOES ECONOMICAS, AP"
2022,91,SENTENCAS JUDICIAIS
2022,92,DESPESAS DE EXERCICIOS ANTERIORES
2022,93,INDENIZACOES E RESTITUICOES
2022,94,INDENIZACOES E RESTITUICOES TRABALHISTAS
2022,96,RESSARCIMENTO DE DESPESAS DE PESSOAL REQUISITADO
2022,97,APORTE PARA COBERTURA DO DEFICIT ATUARIAL DO RPPS
2023,0,SEM INFORMACAO
2023,1,"APOSENTADORIAS, RESERVA REMUNERADA E REFORMAS"
2023,3,PENSOES
2023,4,CONTRATACAO POR TEMPO DETERMINADO
2023,5,OUTROS BENEFICIOS PREVIDENCIARIOS DO SERVIDOR OU DO MILITAR
2023,7,CONTRIBUICAO A ENTIDADES FECHADAS DE PREVIDENCIA
2023,8,OUTROS BENEFICIOS ASSISTENCIAIS DO SERVIDOR E DO MILITAR
2023,10,SEGURO DESEMPREGO E ABONO SALARIAL
2023,11,VENCIMENTOS E VANTAGENS FIXAS-PESSOAL CIVIL
2023,12,VENCIMENTOS E VANTAGENS FIXAS - PESSOAL  MILITAR
2023,13,OBRIGACOES PATRONAIS
2023,14,DIARIAS - CIVIL
2023,15,DIARIAS - MILITAR
2023,16,OUTRAS DESPESAS VARIAVEIS - PESSOAL CIVIL
2023,17,OUTRAS DESPESAS VARIAVEIS - PESSOAL MILITAR
2023,18,AUXILIO FINANCEIRO A ESTUDANTES
2023,19,AUXILIO-FARDAMENTO
2023,20,AUXILIO FINANCEIRO A PESQUISADORES
2023,21,JUROS SOBRE A DIVIDA POR CONTRATO
2023,22,OUTROS ENCARGOS SOBRE A DIVIDA POR CONTRATO
2023,27,"ENCARGOS PELA HONRA DE AVAIS, GARANTIAS, SEGUROS E SIMILARES"
2023,29,DISTRIBUICAO DE RESULTADO DE EMPRESAS ESTATAIS DEPENDENTES
2023,30,MATERIAL DE CONSUMO
2023,31,"PREMIACOES CULTURAIS, ARTISTICAS, CIENTIFICAS, DESPORTIVAS E OUTRAS."
2023,32,"MATERIAL, BEM OU SERVICO PARA DISTRIBUICAO GRATUITA"
2023,33,PASSAGENS E DESPESAS COM LOCOMOCAO
2023,34,OUTRAS DESPESAS DE PESSOAL DECORRENTES DE CONTRATOS DE TERCEIRIZACAO
2023,35,SERVICOS DE CONSULTORIA
2023,36,OUTROS SERVICOS DE TERCEIROS - PESSOA FISICA
2023,37,LOCACAO DE MAO-DE-OBRA
2023,38,ARRENDAMENTO MERCANTIL
2023,39,OUTROS SERVICOS DE TERCEIROS - PESSOA JURIDICA
2023,40,SERVICOS DE TECNOLOGIA DA INFORMACAO E COMUNICACAO -  PESSOA JURIDICA
2023,41,CONTRIBUICOES
2023,42,AUXILIOS
2023,43,SUBVENCOES SOCIAIS
2023,45,SUBVENCOES ECONOMICAS
2023,46,AUXILIO-ALIMENTACAO
2023,47,OBRIGACOES TRIBUTARIAS E CONTRIBUTIVAS
2023,48,OUTROS AUXILIOS FINANCEIROS A PESSOAS FISICAS
2023,49,AUXILIO-TRANSPORTE
2023,51,OBRAS E INSTALACOES
2023,52,EQUIPAMENTOS E MATERIAL PERMANENTE
2023,59,PENSOES ESPECIAIS
2023,61,AQUISICAO DE IMOVEIS
2023,65,CONSTITUICAO OU AUMENTO DE CAPITAL DE EMPRESAS
2023,66,CONCESSAO DE EMPRESTIMOS E FINANCIAMENTOS
2023,71,PRINCIPAL DA DIVIDA CONTRATUAL RESGATADO
2023,81,DISTRIBUICAO CONSTITUCIONAL OU LEGAL DE RECEITAS
2023,82,APORTE DE RECURSOS PELO PARCEIRO PUBLICO EM FAVOR DO PARCEIRO PRIVADO DECORRENTE DE CONTRATO DE PARC
2023,83,"DESPESAS DECORRENTES DE CONTRATO DE PARCERIA PUBLICO-PRIVADA - PPP, EXCETO SUBVENCOES ECONOMICAS, AP"
2023,86,COMPENSACOES A REGIMES DE PREVIDENCIA
2023,91,SENTENCAS JUDICIAIS
2023,92,DESPESAS DE EXERCICIOS ANTERIORES
2023,93,INDENIZACOES E RESTITUICOES
2023,94,INDENIZACOES E RESTITUICOES TRABALHISTAS
2023,96,RESSARCIMENTO DE DESPESAS DE PESSOAL REQUISITADO
2023,97,APORTE PARA COBERTURA DO DEFICIT ATUARIAL DO RPPS
2023,99,A CLASSIFICAR
2024,0,SEM INFORMACAO
2024,1,"APOSENTADORIAS, RESERVA REMUNERADA E REFORMAS"
2024,3,PENSOES
2024,4,CONTRATACAO POR TEMPO DETERMINADO
2024,5,OUTROS BENEFICIOS PREVIDENCIARIOS DO SERVIDOR OU DO MILITAR
2024,7,CONTRIBUICAO A ENTIDADES FECHADAS DE PREVIDENCIA
2024,8,OUTROS BENEFICIOS ASSISTENCIAIS DO SERVIDOR E DO MILITAR
2024,11,VENCIMENTOS E VANTAGENS FIXAS-PESSOAL CIVIL
2024,12,VENCIMENTOS E VANTAGENS FIXAS - PESSOAL  MILITAR
2024,13,OBRIGACOES PATRONAIS
2024,14,DIARIAS - CIVIL
2024,15,DIARIAS - MILITAR
2024,16,OUTRAS DESPESAS VARIAVEIS - PESSOAL CIVIL
2024,17,OUTRAS DESPESAS VARIAVEIS - PESSOAL MILITAR
2024,18,AUXILIO FINANCEIRO A ESTUDANTES
2024,19,AUXILIO-FARDAMENTO
2024,20,AUXILIO FINANCEIRO A PESQUISADORES
2024,21,JUROS SOBRE A DIVIDA POR CONTRATO
2024,22,OUTROS ENCARGOS SOBRE A DIVIDA POR CONTRATO
2024,29,DISTRIBUICAO DE RESULTADO DE EMPRESAS ESTATAIS DEPENDENTES
2024,30,MATERIAL DE CONSUMO
2024,31,"PREMIACOES CULTURAIS, ARTISTICAS, CIENTIFICAS, DESPORTIVAS E OUTRAS."
2024,32,"MATERIAL, BEM OU SERVICO PARA DISTRIBUICAO GRATUITA"
2024,33,PASSAGENS E DESPESAS COM LOCOMOCAO
2024,35,SERVICOS DE CONSULTORIA
2024,36,OUTROS SERVICOS DE TERCEIROS - PESSOA FISICA
2024,37,LOCACAO DE MAO-DE-OBRA
2024,39,OUTROS SERVICOS DE TERCEIROS - PESSOA JURIDICA
2024,40,SERVICOS DE TECNOLOGIA DA INFORMACAO E COMUNICACAO -  PESSOA JURIDICA
2024,41,CONTRIBUICOES
2024,42,AUXILIOS
2024,43,SUBVENCOES SOCIAIS
2024,45,SUBVENCOES ECONOMICAS
2024,46,AUXILIO-ALIMENTACAO
2024,47,OBRIGACOES TRIBUTARIAS E CONTRIBUTIVAS
2024,48,OUTROS AUXILIOS FINANCEIROS A PESSOAS FISICAS
2024,49,AUXILIO-TRANSPORTE
2024,51,OBRAS E INSTALACOES
2024,52,EQUIPAMENTOS E MATERIAL PERMANENTE
2024,59,PENSOES ESPECIAIS
2024,61,AQUISICAO DE IMOVEIS
2024,65,CONSTITUICAO OU AUMENTO DE CAPITAL DE EMPRESAS
2024,66,CONCESSAO DE EMPRESTIMOS E FINANCIAMENTOS
2024,71,PRINCIPAL DA DIVIDA CONTRATUAL RESGATADO
2024,81,DISTRIBUICAO CONSTITUCIONAL OU LEGAL DE RECEITAS
2024,82,APORTE DE RECURSOS PELO PARCEIRO PUBLICO EM FAVOR DO PARCEIRO PRIVADO DECORRENTE DE CONTRATO DE PARC
2024,83,"DESPESAS DECORRENTES DE CONTRATO DE PARCERIA PUBLICO-PRIVADA - PPP, EXCETO SUBVENCOES ECONOMICAS, AP"
2024,85,CONTRATO DE GESTAO
2024,86,COMPENSACOES A REGIMES DE PREVIDENCIA
2024,91,SENTENCAS JUDICIAIS
2024,92,DESPESAS DE EXERCICIOS ANTERIORES
2024,93,INDENIZACOES E RESTITUICOES
2024,94,INDENIZACOES E RESTITUICOES TRABALHISTAS
2024,96,RESSARCIMENTO DE DESPESAS DE PESSOAL REQUISITADO
2024,97,APORTE PARA COBERTURA DO DEFICIT ATUARIAL DO RPPS
2024,99,A CLASSIFICAR
2025,0,APLICACOES DIRETAS
2025,0,SEM INFORMACAO
2025,1,"APOSENTADORIAS, RESERVA REMUNERADA E REFORMAS"
2025,3,PENSOES
2025,4,CONTRATACAO POR TEMPO DETERMINADO
2025,7,CONTRIBUICAO A ENTIDADES FECHADAS DE PREVIDENCIA
2025,8,OUTROS BENEFICIOS ASSISTENCIAIS DO SERVIDOR E DO MILITAR
2025,10,SEGURO DESEMPREGO E ABONO SALARIAL
2025,11,VENCIMENTOS E VANTAGENS FIXAS-PESSOAL CIVIL
2025,12,VENCIMENTOS E VANTAGENS FIXAS - PESSOAL  MILITAR
2025,13,OBRIGACOES PATRONAIS
2025,14,DIARIAS - CIVIL
2025,15,DIARIAS - MILITAR
2025,16,OUTRAS DESPESAS VARIAVEIS - PESSOAL CIVIL
2025,17,OUTRAS DESPESAS VARIAVEIS - PESSOAL MILITAR
2025,18,AUXILIO FINANCEIRO A ESTUDANTES
2025,19,AUXILIO-FARDAMENTO
2025,20,AUXILIO FINANCEIRO A PESQUISADORES
2025,21,JUROS SOBRE A DIVIDA POR CONTRATO
2025,22,OUTROS ENCARGOS SOBRE A DIVIDA POR CONTRATO
2025,27,"ENCARGOS PELA HONRA DE AVAIS, GARANTIAS, SEGUROS E SIMILARES"
2025,29,DISTRIBUICAO DE RESULTADO DE EMPRESAS ESTATAIS DEPENDENTES
2025,30,MATERIAL DE CONSUMO
2025,31,"PREMIACOES CULTURAIS, ARTISTICAS, CIENTIFICAS, DESPORTIVAS E OUTRAS."
2025,32,"MATERIAL, BEM OU SERVICO PARA DISTRIBUICAO GRATUITA"
2025,33,PASSAGENS E DESPESAS COM LOCOMOCAO
2025,34,OUTRAS DESPESAS DE PESSOAL DECORRENTES DE CONTRATOS DE TERCEIRIZACAO
2025,35,SERVICOS DE CONSULTORIA
2025,36,OUTROS SERVICOS DE TERCEIROS - PESSOA FISICA
2025,37,LOCACAO DE MAO-DE-OBRA
2025,38,ARRENDAMENTO MERCANTIL
2025,39,OUTROS SERVICOS DE TERCEIROS - PESSOA JURIDICA
2025,40,SERVICOS DE TECNOLOGIA DA INFORMACAO E COMUNICACAO -  PESSOA JURIDICA
2025,41,CONTRIBUICOES
2025,42,AUXILIOS
2025,43,SUBVENCOES SOCIAIS
2025,45,SUBVENCOES ECONOMICAS
2025,46,AUXILIO-ALIMENTACAO
2025,47,OBRIGACOES TRIBUTARIAS E CONTRIBUTIVAS
2025,48,OUTROS AUXILIOS FINANCEIROS A PESSOAS FISICAS
2025,49,AUXILIO-TRANSPORTE
2025,51,OBRAS E INSTALACOES
2025,52,EQUIPAMENTOS E MATERIAL PERMANENTE
2025,59,PENSOES ESPECIAIS
2025,61,AQUISICAO DE IMOVEIS
2025,64,AQUISICAO DE TITULOS REPRESENTATIVOS DE CAPITAL JA INTEGRALIZADO
2025,65,CONSTITUICAO OU AUMENTO DE CAPITAL DE EMPRESAS
2025,66,CONCESSAO DE EMPRESTIMOS E FINANCIAMENTOS
2025,70,RATEIO PELA PARTICIPACAO EM CONSORCIO PUBLICO
2025,71,PRINCIPAL DA DIVIDA CONTRATUAL RESGATADO
2025,81,DISTRIBUICAO CONSTITUCIONAL OU LEGAL DE RECEITAS
2025,82,APORTE DE RECURSOS PELO PARCEIRO PUBLICO EM FAVOR DO PARCEIRO PRIVADO DECORRENTE DE CONTRATO DE PARC
2025,83,"DESPESAS DECORRENTES DE CONTRATO DE PARCERIA PUBLICO-PRIVADA - PPP, EXCETO SUBVENCOES ECONOMICAS, AP"
2025,84,"DESPESAS DECORRENTES DA PARTICIPACAO EM FUNDOS, ORGANISMOS, OU ENTIDADES ASSEMELHADAS, NACIONAIS E I"
2025,85,CONTRATO DE GESTAO
2025,86,COMPENSACOES A REGIMES DE PREVIDENCIA
2025,91,SENTENCAS JUDICIAIS
2025,92,DESPESAS DE EXERCICIOS ANTERIORES
2025,93,INDENIZACOES E RESTITUICOES
2025,94,INDENIZACOES E RESTITUICOES TRABALHISTAS
2025,96,RESSARCIMENTO DE DESPESAS DE PESSOAL REQUISITADO
2025,99,A CLASSIFICAR
2026,0,APLICACOES DIRETAS
2026,0,SEM INFORMACAO
2026,1,"APOSENTADORIAS, RESERVA REMUNERADA E REFORMAS"
2026,3,PENSOES
2026,4,CONTRATACAO POR TEMPO DETERMINADO
2026,7,CONTRIBUICAO A ENTIDADES FECHADAS DE PREVIDENCIA
2026,8,OUTROS BENEFICIOS ASSISTENCIAIS DO SERVIDOR E DO MILITAR
2026,10,SEGURO DESEMPREGO E ABONO SALARIAL
2026,11,VENCIMENTOS E VANTAGENS FIXAS-PESSOAL CIVIL
2026,12,VENCIMENTOS E VANTAGENS FIXAS - PESSOAL  MILITAR
2026,13,OBRIGACOES PATRONAIS
2026,14,DIARIAS - CIVIL
2026,15,DIARIAS - MILITAR
2026,16,OUTRAS DESPESAS VARIAVEIS - PESSOAL CIVIL
2026,17,OUTRAS DESPESAS VARIAVEIS - PESSOAL MILITAR
2026,18,AUXILIO FINANCEIRO A ESTUDANTES
2026,19,AUXILIO-FARDAMENTO
2026,20,AUXILIO FINANCEIRO A PESQUISADORES
2026,21,JUROS SOBRE A DIVIDA POR CONTRATO
2026,22,OUTROS ENCARGOS SOBRE A DIVIDA POR CONTRATO
2026,30,MATERIAL DE CONSUMO
2026,31,"PREMIACOES CULTURAIS, ARTISTICAS, CIENTIFICAS, DESPORTIVAS E OUTRAS."
2026,32,"MATERIAL, BEM OU SERVICO PARA DISTRIBUICAO GRATUITA"
2026,33,PASSAGENS E DESPESAS COM LOCOMOCAO
2026,34,OUTRAS DESPESAS DE PESSOAL DECORRENTES DE CONTRATOS DE TERCEIRIZACAO
2026,35,SERVICOS DE CONSULTORIA
2026,36,OUTROS SERVICOS DE TERCEIROS - PESSOA FISICA
2026,37,LOCACAO DE MAO-DE-OBRA
2026,38,ARRENDAMENTO MERCANTIL
2026,39,OUTROS SERVICOS DE TERCEIROS - PESSOA JURIDICA
2026,40,SERVICOS DE TECNOLOGIA DA INFORMACAO E COMUNICACAO -  PESSOA JURIDICA
2026,41,CONTRIBUICOES
2026,42,AUXILIOS
2026,43,SUBVENCOES SOCIAIS
2026,45,SUBVENCOES ECONOMICAS
2026,46,AUXILIO-ALIMENTACAO
2026,47,OBRIGACOES TRIBUTARIAS E CONTRIBUTIVAS
2026,48,OUTROS AUXILIOS FINANCEIROS A PESSOAS FISICAS
2026,49,AUXILIO-TRANSPORTE
2026,51,OBRAS E INSTALACOES
2026,52,EQUIPAMENTOS E MATERIAL PERMANENTE
2026,59,PENSOES ESPECIAIS
2026,61,AQUISICAO DE IMOVEIS
2026,65,CONSTITUICAO OU AUMENTO DE CAPITAL DE EMPRESAS
2026,66,CONCESSAO DE EMPRESTIMOS E FINANCIAMENTOS
2026,70,RATEIO PELA PARTICIPACAO EM CONSORCIO PUBLICO
2026,71,PRINCIPAL DA DIVIDA CONTRATUAL RESGATADO
2026,82,APORTE DE RECURSOS PELO PARCEIRO PUBLICO EM FAVOR DO PARCEIRO PRIVADO DECORRENTE DE CONTRATO DE PARC
2026,83,"DESPESAS DECORRENTES DE CONTRATO DE PARCERIA PUBLICO-PRIVADA - PPP, EXCETO SUBVENCOES ECONOMICAS, AP"
2026,84,"DESPESAS DECORRENTES DA PARTICIPACAO EM FUNDOS, ORGANISMOS, OU ENTIDADES ASSEMELHADAS, NACIONAIS E I"
2026,85,CONTRATO DE GESTAO
2026,86,COMPENSACOES A REGIMES DE PREVIDENCIA
2026,91,SENTENCAS JUDICIAIS
2026,92,DESPESAS DE EXERCICIOS ANTERIORES
2026,93,INDENIZACOES E RESTITUICOES
2026,94,INDENIZACOES E RESTITUICOES TRABALHISTAS
2026,96,RESSARCIMENTO DE DESPESAS DE PESSOAL REQUISITADO
2026,99,A CLASSIFICAR
