ano,fonte_cod,fonte_desc
2002,10,RECURSOS ORDINARIOS
2002,20,RECURSOS CONSTITUCIONALMENTE VINCULADOS AOS MUNICIPIOS
2002,21,COTA ESTADUAL DO SALARIO EDUCACAO - QESE
2002,22,RECURSOS DO SISTEMA UNICO DE SAUDE - SUS
2002,23,FUNDEF-FUNDO DE MANUTENCAO E DESENVOL. ENSINO FUNDAMENTAL
2002,24,CONVENIOS.ACORDOSE AJUSTES
2002,25,OPERACOES DE CREDITO CONTRATUAIS
2002,26,TAXA FLORESTAL
2002,27,TAXA SEGURANCA PUBLICA
2002,28,TAXA FISCALIZACAO JUDICIARIA
2002,29,TAXA DE EXPEDIENTE
2002,30,CONTRIBUICAO A APOSENTADORIA
2002,31,UTILIZACAO DE RECURSOS HIDRICOS
2002,32,EXPLORACAO DE RECURSOS MINERAIS
2002,34,NOTIFICACAO DE INFRACAO DE TRANSITO
2002,35,CONTRIBUICAO AO FUNDESE
2002,36,TRANSFERENCIAS DE RECURSOS DA UNIAO VINCULDOS A EDUCACAO
2002,37,TRANSFERENCIAS DE RECURSOS DA UNIAO VINCULADOS A SAUDE
2002,38,TRANSFERENCIAS DE RECURSOS DA UNIAO VINCULADOS AO ESPORTE
2002,39,MULTAS PECUNIARIAS E JUROS DE MORA FIXADOS EM SENTENCAS JUDICIAIS
2002,40,RECUROS FUNDOS EXTINTOS - LEI NR. 13848/2001
2002,41,CESSAO DE CREDITOS
2002,42,CONTRIBUICAO PATRONAL PARA CONFIP
2002,43,CONTRIBUICAO DO SERVIDOR PARA CONFIP
2002,59,OUTROS RECURSOS VINCULADOS
2002,60,RECURSOS DIRETAMENTE ARRECADADOS
2003,10,RECURSOS ORDINARIOS
2003,20,RECURSOS CONSTITUC.VINCULADOS AOS MUNICIPIOS
2003,21,COTA ESTADUAL DO SALARIO EDUCACAO - QESE
2003,22,RECURSOS DO SISTEMA UNICO DE SAUDE - SUS
2003,23,FUNDO DE MANUT.E DESENV.DO ENSINO FUNDAMENTAL-FUNDEF
2003,24,"CONVENIOS, ACORDOS E AJUSTES"
2003,25,OPERACOES DE CREDITO CONTRATUAIS
2003,26,TAXA  FLORESTAL
2003,27,TAXA DE SEGURANCA PUBLICA
2003,28,TAXA DE FISCALIZACAO JUDICIARIA
2003,29,TAXA DE EXPEDIENTE
2003,30,CONTRIBUICAO A APOSENTADORIA
2003,31,UTILIZACAO DE RECURSOS HIDRICOS
2003,32,EXPLORACAO DE RECURSOS MINERAIS
2003,33,EXPLORACAO E PRODUCAO DE PETROLEO  E GAS NATURAL
2003,34,NOTIFICACAO DE INFRACAO DE TRANSITO
2003,35,CONTRIBUICAO AO FUNDESE
2003,36,TRANSFERENCIAS DE RECURSOS DA UNIAO VINCULADOS A EDUCACAO
2003,37,TRANSFERENCIAS DE RECURSOS DA UNIAO VINCULADOS A SAUDE
2003,38,TRANSFERENCIAS DE RECURSOS DA UNIAO VINCULADOS AO ESPORTE
2003,39,MULTAS PECUNIARIAS E JUROS DE MORA FIXADOS EM SENTENCAS JUDICIAIS
2003,40,RECURSOS FUNDOS EXTINTOS-LEI NO 13.848/2001
2003,42,CONTRIBUICAO PATRONAL PARA CONFIP
2003,43,CONTRIBUICAO DO SERVIDOR PARA CONFIP
2003,45,"DOACOES DE PESSOAS, DE INSTITUICOES PRIVADAS OU DO EXTERIOR A ORGAO E ENTIDADES DO ESTADO"
2003,59,OUTROS RECURSOS VINCULADOS
2003,60,RECURSOS DIRETAMENTE ARRECADADOS
2004,10,RECURSOS ORDINARIOS
2004,20,RECURSOS CONSTITUC.VINCULADOS AOS MUNICIPIOS
2004,21,COTA ESTADUAL DO SALARIO EDUCACAO - QESE
2004,22,RECURSOS DO SISTEMA UNICO DE SAUDE - SUS
2004,23,FUNDO DE MANUT.E DESENV.DO ENSINO FUNDAMENTAL-FUNDEF
2004,24,"CONVENIOS, ACORDOS E AJUSTES"
2004,25,OPERACOES DE CREDITO CONTRATUAIS
2004,26,TAXA  FLORESTAL
2004,27,TAXA DE SEGURANCA PUBLICA
2004,28,TAXA DE FISCALIZACAO JUDICIARIA
2004,29,TAXA DE EXPEDIENTE
2004,30,CONTRIBUICAO A APOSENTADORIA
2004,31,UTILIZACAO DE RECURSOS HIDRICOS
2004,32,EXPLORACAO DE RECURSOS MINERAIS
2004,33,EXPLORACAO E PRODUCAO DE PETROLEO  E GAS NATURAL
2004,34,NOTIFICACAO DE INFRACAO DE TRANSITO
2004,35,CONTRIBUICAO AO FUNDESE
2004,36,TRANSFERENCIAS DE RECURSOS DA UNIAO VINCULADOS A EDUCACAO
2004,37,TRANSFERENCIAS DE RECURSOS DA UNIAO VINCULADOS A SAUDE
2004,38,TRANSFERENCIAS DE RECURSOS DA UNIAO VINCULADOS AO ESPORTE
2004,39,MULTAS PECUNIARIAS E JUROS DE MORA FIXADOS EM SENTENCAS JUDICIAIS
2004,40,RECURSOS FUNDOS EXTINTOS-LEI NO 13.848/2001
2004,42,CONTRIBUI    O PATRONAL PARA O FUNFIP
2004,43,CONTRIBUI    O DO SERVIDOR PARA O FUNFIP
2004,44,COMPENSACAO FINANCEIRA ENTRE REGIMES DE PREVIDENCIA
2004,45,"DOACOES DE PESSOAS, DE INSTITUICOES PRIVADAS OU DO EXTERIOR A ORGAO E ENTIDADES DO ESTADO"
2004,47,ALIENACAO DE BENS DE ENTIDADES ESTADUAIS
2004,48,ALIENACAO DE BENS DO TESOURO ESTADUAL
2004,49,CONTRIBUICAO PATRONAL DO ESTADO AOS INSTITUTOS DE PREVIDENCIA
2004,50,CONTRIBUICAO DO SERVIDOR DO ESTADO AOS INSTITUTOS DE PREVIDENCIA
2004,51,CONTRIBUICAO DE INTERVENCAO NO DOMINIO ECONOMICO/COMBUSTIVEIS
2004,59,OUTROS RECURSOS VINCULADOS
2004,60,RECURSOS DIRETAMENTE ARRECADADOS
2005,10,RECURSOS ORDINARIOS
2005,20,RECURSOS CONSTITUC.VINCULADOS AOS MUNICIPIOS
2005,21,COTA ESTADUAL DO SALARIO EDUCACAO - QESE
2005,22,RECURSOS DO SISTEMA UNICO DE SAUDE - SUS
2005,23,FUNDO DE MANUT.E DESENV.DO ENSINO FUNDAMENTAL-FUNDEF
2005,24,"CONVENIOS, ACORDOS E AJUSTES"
2005,25,OPERACOES DE CREDITO CONTRATUAIS
2005,26,TAXA  FLORESTAL
2005,27,TAXA DE SEGURANCA PUBLICA
2005,28,TAXA DE FISCALIZACAO JUDICIARIA
2005,29,TAXA DE EXPEDIENTE
2005,30,CONTRIBUICAO A APOSENTADORIA
2005,31,UTILIZACAO DE RECURSOS HIDRICOS
2005,32,EXPLORACAO DE RECURSOS MINERAIS
2005,33,EXPLORACAO E PRODUCAO DE PETROLEO  E GAS NATURAL
2005,34,NOTIFICACAO DE INFRACAO DE TRANSITO
2005,35,CONTRIBUICAO AO FUNDESE
2005,36,TRANSFERENCIAS DE RECURSOS DA UNIAO VINCULADOS A EDUCACAO
2005,37,TRANSFERENCIAS DE RECURSOS DA UNIAO VINCULADOS A SAUDE
2005,38,TRANSFERENCIAS DE RECURSOS DA UNIAO VINCULADOS AO ESPORTE
2005,39,MULTAS PECUNIARIAS E JUROS DE MORA FIXADOS EM SENTENCAS JUDICIAIS
2005,40,RECURSOS FUNDOS EXTINTOS-LEI NO 13.848/2001
2005,42,CONTRIBUICAO PATRONAL PARA O FUNFIP
2005,43,CONTRIBUICAO DO SERVIDOR PARA O FUNFIP
2005,44,COMPENSACAO FINANCEIRA ENTRE REGIMES DE PREVIDENCIA
2005,45,"DOACOES DE PESSOAS, DE INSTITUICOES PRIVADAS OU DO EXTERIOR A ORGAO E ENTI"
2005,47,ALIENACAO DE BENS DE ENTIDADES ESTADUAIS
2005,48,ALIENACAO DE BENS DO TESOURO ESTADUAL
2005,49,CONTRIBUICAO PATRONAL DO ESTADO AOS INSTITUTOS DE PREVIDENCIA
2005,50,CONTRIBUICAO DO SERVIDOR DO ESTADO AOS INSTITUTOS DE PREVIDENCIA
2005,51,CONTRIBUI    O DE INTERVEN    O NO DOM  NIO ECON  MICO/COMBUST  VEIS-CIDE
2005,52,TAXA DE CONTROLE E FISCALIZACAO AMBIENTAL
2005,53,TAXA DE INCENDIO
2005,54,TAXA DE LICENCIAMENTO DA FAIXA DE DOM  NIO DAS RODOVIAS
2005,59,OUTROS RECURSOS VINCULADOS
2005,60,RECURSOS DIRETAMENTE ARRECADADOS
2005,61,RECURSOS DIRETAMENTE ARRECADADOS COM VINCULACAO ESPECIFICA
2006,10,RECURSOS ORDIN  RIOS
2006,20,RECURSOS CONSTITUC.VINCULADOS AOS MUNIC  PIOS
2006,21,COTA ESTADUAL DO SALARIO EDUCACAO - QESE
2006,22,RECURSOS DO SISTEMA UNICO DE SAUDE - SUS
2006,23,FUNDO DE MANUT.E DESENV.DO ENSINO FUNDAMENTAL-FUNDEF
2006,24,"CONVENIOS, ACORDOS E AJUSTES"
2006,25,OPERACOES DE CREDITO CONTRATUAIS
2006,26,TAXA  FLORESTAL
2006,27,TAXA DE SEGURANCA PUBLICA
2006,28,TAXA DE FISCALIZACAO JUDICIARIA
2006,29,TAXA DE EXPEDIENTE
2006,30,CONTRIBUICAO A APOSENTADORIA
2006,31,UTILIZACAO DE RECURSOS HIDRICOS
2006,32,EXPLORACAO DE RECURSOS MINERAIS
2006,33,EXPLORACAO E PRODUCAO DE PETROLEO  E GAS NATURAL
2006,34,NOTIFICACAO DE INFRACAO DE TRANSITO
2006,35,CONTRIBUICAO AO FUNDESE
2006,36,TRANSFERENCIAS DE RECURSOS DA UNIAO VINCULADOS A EDUCACAO
2006,37,TRANSFERENCIAS DE RECURSOS DA UNIAO VINCULADOS A SAUDE
2006,38,TRANSFERENCIAS DE RECURSOS DA UNIAO VINCULADOS AO ESPORTE
2006,39,MULTAS PECUNIARIAS E JUROS DE MORA FIXADOS EM SENTENCAS JUDICIAIS
2006,40,RECURSOS FUNDOS EXTINTOS-LEI NO 13.848/2001
2006,42,CONTRIBUICAO PATRONAL PARA O FUNFIP
2006,43,CONTRIBUICAO DO SERVIDOR PARA O FUNFIP
2006,44,COMPENSACAO FINANCEIRA ENTRE REGIMES DE PREVIDENCIA
2006,45,"DOACOES DE PESSOAS, DE INSTITUICOES PRIVADAS OU DO EXTERIOR A ORGAO E ENTIDADES DO ESTADO"
2006,47,ALIENACAO DE BENS DE ENTIDADES ESTADUAIS
2006,48,ALIENACAO DE BENS DO TESOURO ESTADUAL
2006,49,CONTRIBUICAO PATRONAL DO ESTADO AOS INSTITUTOS DE PREVIDENCIA
2006,50,CONTRIBUICAO DO SERVIDOR DO ESTADO AOS INSTITUTOS DE PREVIDENCIA
2006,51,CONTRIBUICAO DE INTERVENCAO NO DOMINIO ECONOMICO/COMBUSTIVEIS-CIDE
2006,52,TAXA DE CONTROLE E FISCALIZACAO AMBIENTAL
2006,53,TAXA DE INC  NDIO
2006,54,TAXA DE LICENCIAMENTO DA FAIXA DE DOMINIO DAS RODOVIAS
2006,59,OUTROS RECURSOS VINCULADOS
2006,60,RECURSOS DIRETAMENTE ARRECADADOS
2006,61,RECURSOS DIRETAMENTE ARRECADADOS COM VINCULACAO ESPECIFICA
2007,10,RECURSOS ORDINARIOS
2007,20,RECURSOS CONSTITUC.VINCULADOS AOS MUNICIPIOS
2007,21,COTA ESTADUAL DO SALARIO EDUCACAO - QESE
2007,22,RECURSOS DO SISTEMA UNICO DE SAUDE - SUS
2007,23,FUNDO DE MANUTENCAO E DESENVOLVIMENTO DA EDUCACAO BASICA - FUNDEB
2007,24,"CONVENIOS, ACORDOS E AJUSTES"
2007,25,OPERACOES DE CREDITO CONTRATUAIS
2007,26,TAXA  FLORESTAL
2007,27,TAXA DE SEGURANCA PUBLICA
2007,28,TAXA DE FISCALIZACAO JUDICIARIA
2007,29,TAXA DE EXPEDIENTE
2007,30,CONTRIBUICAO A APOSENTADORIA
2007,31,UTILIZACAO DE RECURSOS HIDRICOS
2007,32,EXPLORACAO DE RECURSOS MINERAIS
2007,33,EXPLORACAO E PRODUCAO DE PETROLEO  E GAS NATURAL
2007,34,NOTIFICACAO DE INFRACAO DE TRANSITO
2007,35,CONTRIBUICAO AO FUNDESE
2007,36,TRANSFERENCIAS DE RECURSOS DA UNIAO VINCULADOS A EDUCACAO
2007,37,TRANSFERENCIAS DE RECURSOS DA UNIAO VINCULADOS A SAUDE
2007,38,TRANSFERENCIAS DE RECURSOS DA UNIAO VINCULADOS AO ESPORTE
2007,39,MULTAS PECUNIARIAS E JUROS DE MORA FIXADOS EM SENTENCAS JUDICIAIS
2007,40,RECURSOS FUNDOS EXTINTOS-LEI NO 13.848/2001
2007,42,CONTRIBUICAO PATRONAL PARA O FUNFIP
2007,43,CONTRIBUICAO DO SERVIDOR PARA O FUNFIP
2007,44,COMPENSACAO FINANCEIRA ENTRE REGIMES DE PREVIDENCIA
2007,45,"DOACOES DE PESSOAS, DE INSTITUICOES PRIVADAS OU DO EXTERIOR A ORGAO E ENTIDADES DO ESTADO"
2007,47,ALIENACAO DE BENS DE ENTIDADES ESTADUAIS
2007,48,ALIENACAO DE BENS DO TESOURO ESTADUAL
2007,49,CONTRIBUICAO PATRONAL DO ESTADO AOS INSTITUTOS DE PREVIDENCIA
2007,50,CONTRIBUICAO DO SERVIDOR DO ESTADO AOS INSTITUTOS DE PREVIDENCIA
2007,51,CONTRIBUICAO DE INTERVENCAO NO DOMINIO ECONOMICO/COMBUSTIVEIS-CIDE
2007,52,TAXA DE CONTROLE E FISCALIZACAO AMBIENTAL
2007,53,TAXA DE INCENDIO
2007,54,TAXA DE LICENCIAMENTO DA FAIXA DE DOMINIO DAS RODOVIAS
2007,55,TRANSFERENCIAS DE RECURSOS DOS MUNICIPIOS VINCULADOS A FARMACIA BASICA - FES
2007,59,OUTROS RECURSOS VINCULADOS
2007,60,RECURSOS DIRETAMENTE ARRECADADOS
2007,61,RECURSOS DIRETAMENTE ARRECADADOS COM VINCULACAO ESPECIFICA
2008,10,RECURSOS ORDINARIOS
2008,20,RECURSOS CONSTITUC.VINCULADOS AOS MUNICIPIOS
2008,21,COTA ESTADUAL DO SALARIO EDUCACAO - QESE
2008,22,RECURSOS DO SISTEMA UNICO DE SAUDE - SUS
2008,23,FUNDO DE MANUTENCAO E DESENVOLVIMENTO DA EDUCACAO BASICA - FUNDEB
2008,24,"CONVENIOS, ACORDOS E AJUSTES"
2008,25,OPERACOES DE CREDITO CONTRATUAIS
2008,26,TAXA  FLORESTAL
2008,27,TAXA DE SEGURANCA PUBLICA
2008,28,TAXA DE FISCALIZACAO JUDICIARIA
2008,29,TAXA DE EXPEDIENTE
2008,30,CONTRIBUICAO A APOSENTADORIA
2008,31,UTILIZACAO DE RECURSOS HIDRICOS
2008,32,EXPLORACAO DE RECURSOS MINERAIS
2008,33,EXPLORACAO E PRODUCAO DE PETROLEO  E GAS NATURAL
2008,34,NOTIFICACAO DE INFRACAO DE TRANSITO
2008,36,TRANSFERENCIAS DE RECURSOS DA UNIAO VINCULADOS A EDUCACAO
2008,37,TRANSFERENCIAS DE RECURSOS DA UNIAO VINCULADOS A SAUDE
2008,38,TRANSFERENCIAS DE RECURSOS DA UNIAO VINCULADOS AO ESPORTE
2008,39,MULTAS PECUNIARIAS E JUROS DE MORA FIXADOS EM SENTENCAS JUDICIAIS
2008,40,RECURSOS FUNDOS EXTINTOS-LEI NO 13.848/2001
2008,42,CONTRIBUICAO PATRONAL PARA O FUNFIP
2008,43,CONTRIBUICAO DO SERVIDOR PARA O FUNFIP
2008,44,COMPENSACAO FINANCEIRA ENTRE REGIMES DE PREVIDENCIA
2008,45,"DOACOES DE PESSOAS, DE INSTITUICOES PRIVADAS OU DO EXTERIOR A ORGAO E ENTIDADES DO ESTADO"
2008,46,"DOACOES DE PESSOAS, DE INSTITUICOES PRIVADAS OU DO EXTERIOR AO TESOURO ESTADUAL"
2008,47,ALIENACAO DE BENS DE ENTIDADES ESTADUAIS
2008,48,ALIENACAO DE BENS DO TESOURO ESTADUAL
2008,49,CONTRIBUICAO PATRONAL DO ESTADO AOS INSTITUTOS DE PREVIDENCIA
2008,50,CONTRIBUICAO DO SERVIDOR DO ESTADO AOS INSTITUTOS DE PREVIDENCIA
2008,51,CONTRIBUICAO DE INTERVENCAO NO DOMINIO ECONOMICO/COMBUSTIVEIS-CIDE
2008,52,TAXA DE CONTROLE E FISCALIZACAO AMBIENTAL
2008,53,TAXA DE INCENDIO
2008,54,TAXA DE LICENCIAMENTO DA FAIXA DE DOMINIO DAS RODOVIAS
2008,55,TRANSFERENCIAS DE RECURSOS DOS MUNICIPIOS VINCULADOS A FARMACIA BASICA - FES
2008,56,TRANSFERENCIAS DE RECURSOS DA UNIAO VINCULADOS A ASSISTENCIA SOCIAL
2008,59,OUTROS RECURSOS VINCULADOS
2008,60,RECURSOS DIRETAMENTE ARRECADADOS
2008,61,RECURSOS DIRETAMENTE ARRECADADOS COM VINCULACAO ESPECIFICA
2009,10,RECURSOS ORDINARIOS
2009,20,RECURSOS CONSTITUC.VINCULADOS AOS MUNICIPIOS
2009,21,COTA ESTADUAL DO SALARIO EDUCACAO - QESE
2009,22,RECURSOS DO SISTEMA UNICO DE SAUDE - SUS
2009,23,FUNDO DE MANUTENCAO E DESENVOLVIMENTO DA EDUCACAO BASICA - FUNDEB
2009,24,"CONVENIOS, ACORDOS E AJUSTES"
2009,25,OPERACOES DE CREDITO CONTRATUAIS
2009,26,TAXA  FLORESTAL
2009,27,TAXA DE SEGURANCA PUBLICA
2009,28,TAXA DE FISCALIZACAO JUDICIARIA
2009,29,TAXA DE EXPEDIENTE
2009,30,CONTRIBUICAO A APOSENTADORIA
2009,31,UTILIZACAO DE RECURSOS HIDRICOS
2009,32,EXPLORACAO DE RECURSOS MINERAIS
2009,33,EXPLORACAO E PRODUCAO DE PETROLEO  E GAS NATURAL
2009,34,NOTIFICACAO DE INFRACAO DE TRANSITO
2009,36,TRANSFERENCIAS DE RECURSOS DA UNIAO VINCULADOS A EDUCACAO
2009,37,TRANSFERENCIAS DE RECURSOS DA UNIAO VINCULADOS A SAUDE
2009,38,TRANSFERENCIAS DE RECURSOS DA UNIAO VINCULADOS AO ESPORTE
2009,39,MULTAS PECUNIARIAS E JUROS DE MORA FIXADOS EM SENTENCAS JUDICIAIS
2009,40,RECURSOS FUNDOS EXTINTOS-LEI NO 13.848/2001
2009,42,CONTRIBUICAO PATRONAL PARA O FUNFIP
2009,43,CONTRIBUICAO DO SERVIDOR PARA O FUNFIP
2009,44,COMPENSACAO FINANCEIRA ENTRE REGIMES DE PREVIDENCIA
2009,45,"DOACOES DE PESSOAS, DE INSTITUICOES PRIVADAS OU DO EXTERIOR A ORGAO E ENTIDADES DO ESTADO"
2009,47,ALIENACAO DE BENS DE ENTIDADES ESTADUAIS
2009,48,ALIENACAO DE BENS DO TESOURO ESTADUAL
2009,49,CONTRIBUICAO PATRONAL DO ESTADO AOS INSTITUTOS DE PREVIDENCIA
2009,50,CONTRIBUICAO DO SERVIDOR DO ESTADO AOS INSTITUTOS DE PREVIDENCIA
2009,51,CONTRIBUICAO DE INTERVENCAO NO DOMINIO ECONOMICO/COMBUSTIVEIS-CIDE
2009,52,TAXA DE CONTROLE E FISCALIZACAO AMBIENTAL
2009,53,TAXA DE INCENDIO
2009,54,TAXA DE LICENCIAMENTO DA FAIXA DE DOMINIO DAS RODOVIAS
2009,55,TRANSFERENCIAS DE RECURSOS DOS MUNICIPIOS VINCULADOS A FARMACIA BASICA - FES
2009,56,TRANSFERENCIAS DE RECURSOS DA UNIAO VINCULADOS A ASSISTENCIA SOCIAL
2009,59,OUTROS RECURSOS VINCULADOS
2009,60,RECURSOS DIRETAMENTE ARRECADADOS
2009,61,RECURSOS DIRETAMENTE ARRECADADOS COM VINCULACAO ESPECIFICA
2010,10,RECURSOS ORDINARIOS
2010,12,OPERACOES DE CREDITO CONTRATUAIS - SWAP
2010,20,RECURSOS CONSTITUC.VINCULADOS AOS MUNICIPIOS
2010,21,COTA ESTADUAL DO SALARIO EDUCACAO - QESE
2010,22,RECURSOS DO SISTEMA UNICO DE SAUDE - SUS
2010,23,FUNDO DE MANUTENCAO E DESENVOLVIMENTO DA EDUCACAO BASICA - FUNDEB
2010,24,"CONVENIOS, ACORDOS E AJUSTES"
2010,25,OPERACOES DE CREDITO CONTRATUAIS
2010,26,TAXA  FLORESTAL
2010,27,TAXA DE SEGURANCA PUBLICA
2010,28,TAXA DE FISCALIZACAO JUDICIARIA
2010,29,TAXA DE EXPEDIENTE
2010,30,CONTRIBUICAO A APOSENTADORIA
2010,31,UTILIZACAO DE RECURSOS HIDRICOS
2010,32,EXPLORACAO DE RECURSOS MINERAIS
2010,33,EXPLORACAO E PRODUCAO DE PETROLEO  E GAS NATURAL
2010,34,NOTIFICACAO DE INFRACAO DE TRANSITO
2010,36,TRANSFERENCIAS DE RECURSOS DA UNIAO VINCULADOS A EDUCACAO
2010,37,TRANSFERENCIAS DE RECURSOS DA UNIAO VINCULADOS A SAUDE
2010,38,TRANSFERENCIAS DE RECURSOS DA UNIAO VINCULADOS AO ESPORTE
2010,39,MULTAS PECUNIARIAS E JUROS DE MORA FIXADOS EM SENTENCAS JUDICIAIS
2010,40,RECURSOS FUNDOS EXTINTOS-LEI NO 13.848/2001
2010,42,CONTRIBUICAO PATRONAL PARA O FUNFIP
2010,43,CONTRIBUICAO DO SERVIDOR PARA O FUNFIP
2010,44,COMPENSACAO FINANCEIRA ENTRE REGIMES DE PREVIDENCIA
2010,45,"DOACOES DE PESSOAS, DE INSTITUICOES PRIVADAS OU DO EXTERIOR A ORGAO E ENTIDADES DO ESTADO"
2010,47,ALIENACAO DE BENS DE ENTIDADES ESTADUAIS
2010,48,ALIENACAO DE BENS DO TESOURO ESTADUAL
2010,49,CONTRIBUICAO PATRONAL DO ESTADO AOS INSTITUTOS DE PREVIDENCIA
2010,50,CONTRIBUICAO DO SERVIDOR DO ESTADO AOS INSTITUTOS DE PREVIDENCIA
2010,51,CONTRIBUICAO DE INTERVENCAO NO DOMINIO ECONOMICO/COMBUSTIVEIS-CIDE
2010,52,TAXA DE CONTROLE E FISCALIZACAO AMBIENTAL
2010,53,TAXA DE INCENDIO
2010,54,TAXA DE LICENCIAMENTO DA FAIXA DE DOMINIO DAS RODOVIAS
2010,55,TRANSFERENCIAS DE RECURSOS DOS MUNICIPIOS VINCULADOS A FARMACIA BASICA - FES
2010,56,TRANSFERENCIAS DE RECURSOS DA UNIAO VINCULADOS A ASSISTENCIA SOCIAL
2010,57,TRANSFERENCIAS DE RECURSOS DA UNIAO POR MEIO DE PORTARIA
2010,59,OUTROS RECURSOS VINCULADOS
2010,60,RECURSOS DIRETAMENTE ARRECADADOS
2010,61,RECURSOS DIRETAMENTE ARRECADADOS COM VINCULACAO ESPECIFICA
2011,10,RECURSOS ORDINARIOS
2011,12,OPERACOES DE CREDITO CONTRATUAIS - SWAP
2011,20,RECURSOS CONSTITUC.VINCULADOS AOS MUNICIPIOS
2011,21,COTA ESTADUAL DO SALARIO EDUCACAO - QESE
2011,22,RECURSOS DO SISTEMA UNICO DE SAUDE - SUS
2011,23,FUNDO DE MANUTENCAO E DESENVOLVIMENTO DA EDUCACAO BASICA - FUNDEB
2011,24,"CONVENIOS, ACORDOS E AJUSTES"
2011,25,OPERACOES DE CREDITO CONTRATUAIS
2011,26,TAXA  FLORESTAL
2011,27,TAXA DE SEGURANCA PUBLICA
2011,28,TAXA DE FISCALIZACAO JUDICIARIA
2011,29,TAXA DE EXPEDIENTE
2011,30,CONTRIBUICAO A APOSENTADORIA
2011,31,UTILIZACAO DE RECURSOS HIDRICOS
2011,32,EXPLORACAO DE RECURSOS MINERAIS
2011,33,EXPLORACAO E PRODUCAO DE PETROLEO  E GAS NATURAL
2011,34,NOTIFICACAO DE INFRACAO DE TRANSITO
2011,36,TRANSFERENCIAS DE RECURSOS DA UNIAO VINCULADOS A EDUCACAO
2011,37,TRANSFERENCIAS DE RECURSOS DA UNIAO VINCULADOS A SAUDE
2011,38,TRANSFERENCIAS DE RECURSOS DA UNIAO VINCULADOS AO ESPORTE
2011,39,MULTAS PECUNIARIAS E JUROS DE MORA FIXADOS EM SENTENCAS JUDICIAIS
2011,40,RECURSOS FUNDOS EXTINTOS-LEI NO 13.848/2001
2011,42,CONTRIBUICAO PATRONAL PARA O FUNFIP
2011,43,CONTRIBUICAO DO SERVIDOR PARA O FUNFIP
2011,44,COMPENSACAO FINANCEIRA ENTRE REGIMES DE PREVIDENCIA
2011,45,"DOACOES DE PESSOAS, DE INSTITUICOES PRIVADAS OU DO EXTERIOR A ORGAO E ENTIDADES DO ESTADO"
2011,47,ALIENACAO DE BENS DE ENTIDADES ESTADUAIS
2011,48,ALIENACAO DE BENS DO TESOURO ESTADUAL
2011,49,CONTRIBUICAO PATRONAL DO ESTADO AOS INSTITUTOS DE PREVIDENCIA
2011,50,CONTRIBUICAO DO SERVIDOR DO ESTADO AOS INSTITUTOS DE PREVIDENCIA
2011,51,CONTRIBUICAO DE INTERVENCAO NO DOMINIO ECONOMICO/COMBUSTIVEIS-CIDE
2011,52,TAXA DE CONTROLE E FISCALIZACAO AMBIENTAL
2011,53,TAXA DE INCENDIO
2011,54,TAXA DE LICENCIAMENTO DA FAIXA DE DOMINIO DAS RODOVIAS
2011,55,TRANSFERENCIAS DE RECURSOS DOS MUNICIPIOS VINCULADOS A FARMACIA BASICA - FES
2011,56,TRANSFERENCIAS DE RECURSOS DA UNIAO VINCULADOS A ASSISTENCIA SOCIAL
2011,57,TRANSFERENCIAS DE RECURSOS DA UNIAO POR MEIO DE PORTARIA
2011,58,RECURSOS PARA COBERTURA DO DEFICIT ATUARIAL DO RPPS
2011,59,OUTROS RECURSOS VINCULADOS
2011,60,RECURSOS DIRETAMENTE ARRECADADOS
2011,61,RECURSOS DIRETAMENTE ARRECADADOS COM VINCULACAO ESPECIFICA
2012,10,RECURSOS ORDINARIOS
2012,12,OPERACOES DE CREDITO CONTRATUAIS - SWAP
2012,20,RECURSOS CONSTITUC.VINCULADOS AOS MUNICIPIOS
2012,21,COTA ESTADUAL DO SALARIO EDUCACAO - QESE
2012,22,RECURSOS DO SISTEMA UNICO DE SAUDE - SUS
2012,23,FUNDO DE MANUTENCAO E DESENVOLVIMENTO DA EDUCACAO BASICA - FUNDEB
2012,24,"CONVENIOS, ACORDOS E AJUSTES PROVENIENTES DA UNIAO E SUAS ENTIDADES"
2012,25,OPERACOES DE CREDITO CONTRATUAIS
2012,26,TAXA  FLORESTAL
2012,27,TAXA DE SEGURANCA PUBLICA
2012,28,TAXA DE FISCALIZACAO JUDICIARIA
2012,29,TAXA DE EXPEDIENTE
2012,30,CONTRIBUICAO A APOSENTADORIA
2012,31,UTILIZACAO DE RECURSOS HIDRICOS
2012,32,EXPLORACAO DE RECURSOS MINERAIS
2012,33,EXPLORACAO E PRODUCAO DE PETROLEO  E GAS NATURAL
2012,34,NOTIFICACAO DE INFRACAO DE TRANSITO
2012,36,TRANSFERENCIAS DE RECURSOS DA UNIAO VINCULADOS A EDUCACAO
2012,37,TRANSFERENCIAS DE RECURSOS DA UNIAO VINCULADOS A SAUDE
2012,38,TRANSFERENCIAS DE RECURSOS DA UNIAO VINCULADOS AO ESPORTE
2012,39,MULTAS PECUNIARIAS E JUROS DE MORA FIXADOS EM SENTENCAS JUDICIAIS
2012,40,RECURSOS FUNDOS EXTINTOS-LEI NO 13.848/2001
2012,42,CONTRIBUICAO PATRONAL PARA O FUNFIP
2012,43,CONTRIBUICAO DO SERVIDOR PARA O FUNFIP
2012,44,COMPENSACAO FINANCEIRA ENTRE REGIMES DE PREVIDENCIA
2012,45,"DOACOES DE PESSOAS, DE INSTITUICOES PRIVADAS OU DO EXTERIOR A ORGAO E ENTIDADES DO ESTADO"
2012,47,ALIENACAO DE BENS DE ENTIDADES ESTADUAIS
2012,48,ALIENACAO DE BENS DO TESOURO ESTADUAL
2012,49,CONTRIBUICAO PATRONAL DO ESTADO AOS INSTITUTOS DE PREVIDENCIA
2012,50,CONTRIBUICAO DO SERVIDOR DO ESTADO AOS INSTITUTOS DE PREVIDENCIA
2012,51,CONTRIBUICAO DE INTERVENCAO NO DOMINIO ECONOMICO/COMBUSTIVEIS-CIDE
2012,52,TAXA DE CONTROLE E FISCALIZACAO AMBIENTAL
2012,53,TAXA DE INCENDIO
2012,54,TAXA DE LICENCIAMENTO DA FAIXA DE DOMINIO DAS RODOVIAS
2012,55,TRANSFERENCIAS DE RECURSOS DOS MUNICIPIOS VINCULADOS A FARMACIA BASICA - FES
2012,56,TRANSFERENCIAS DE RECURSOS DA UNIAO VINCULADOS A ASSISTENCIA SOCIAL
2012,57,TRANSFERENCIAS DE RECURSOS DA UNIAO POR MEIO DE PORTARIA
2012,58,RECURSOS PARA COBERTURA DO DEFICIT ATUARIAL DO RPPS
2012,59,OUTROS RECURSOS VINCULADOS
2012,60,RECURSOS DIRETAMENTE ARRECADADOS
2012,61,RECURSOS DIRETAMENTE ARRECADADOS COM VINCULACAO ESPECIFICA
2012,70,"CONVENIOS, ACORDOS E AJUSTES PROVENIENTES DOS MUNICIPIOS, ESTADOS E ORGANIZACOES PARTICUL"
2012,71,RECURSOS DO FUNDO ESTADUAL DE ERRADICACAO DA MISERIA
2012,75,CONTRIBUICAO PATRONAL PARA CUSTEIO DOS PROVENTOS DOS MILITARES
2013,10,RECURSOS ORDINARIOS
2013,20,RECURSOS CONSTITUC.VINCULADOS AOS MUNICIPIOS
2013,21,COTA ESTADUAL DO SALARIO EDUCACAO - QESE
2013,22,RECURSOS DO SISTEMA UNICO DE SAUDE - SUS
2013,23,FUNDO DE MANUTENCAO E DESENVOLVIMENTO DA EDUCACAO BASICA - FUNDEB
2013,24,CONVENIOS COM A UNIAO E SUAS ENTIDADES
2013,25,OPERACOES DE CREDITO CONTRATUAIS
2013,26,TAXA  FLORESTAL
2013,27,TAXA DE SEGURANCA PUBLICA
2013,28,TAXA DE FISCALIZACAO JUDICIARIA
2013,29,TAXA DE EXPEDIENTE
2013,30,CONTRIBUICAO A APOSENTADORIA
2013,31,UTILIZACAO DE RECURSOS HIDRICOS
2013,32,EXPLORACAO DE RECURSOS MINERAIS
2013,33,EXPLORACAO E PRODUCAO DE PETROLEO  E GAS NATURAL
2013,34,NOTIFICACAO DE INFRACAO DE TRANSITO
2013,36,TRANSFERENCIAS DE RECURSOS DA UNIAO VINCULADOS A EDUCACAO
2013,37,TRANSFERENCIAS DE RECURSOS DA UNIAO VINCULADOS A SAUDE
2013,38,TRANSFERENCIAS DE RECURSOS DA UNIAO VINCULADOS AO ESPORTE
2013,39,MULTAS PECUNIARIAS E JUROS DE MORA FIXADOS EM SENTENCAS JUDICIAIS
2013,40,RECURSOS FUNDOS EXTINTOS-LEI NO 13.848/2001
2013,42,CONTRIBUICAO PATRONAL PARA O FUNFIP
2013,43,CONTRIBUICAO DO SERVIDOR PARA O FUNFIP
2013,44,COMPENSACAO FINANCEIRA ENTRE REGIMES DE PREVIDENCIA
2013,45,"DOACOES DE PESSOAS, DE INSTITUICOES PRIVADAS OU DO EXTERIOR A ORGAO E ENTIDADES DO ESTADO"
2013,47,ALIENACAO DE BENS DE ENTIDADES ESTADUAIS
2013,48,ALIENACAO DE BENS DO TESOURO ESTADUAL
2013,49,CONTRIBUICAO PATRONAL DO ESTADO AOS INSTITUTOS DE PREVIDENCIA
2013,50,CONTRIBUICAO DO SERVIDOR DO ESTADO AOS INSTITUTOS DE PREVIDENCIA
2013,51,CONTRIBUICAO DE INTERVENCAO NO DOMINIO ECONOMICO/COMBUSTIVEIS-CIDE
2013,52,TAXA DE CONTROLE E FISCALIZACAO AMBIENTAL
2013,53,TAXA DE INCENDIO
2013,54,TAXA DE LICENCIAMENTO DA FAIXA DE DOMINIO DAS RODOVIAS
2013,55,TRANSFERENCIAS DE RECURSOS DOS MUNICIPIOS VINCULADOS A FARMACIA BASICA - FES
2013,56,TRANSFERENCIAS DE RECURSOS DA UNIAO VINCULADOS A ASSISTENCIA SOCIAL
2013,57,TRANSFERENCIAS DE RECURSOS DA UNIAO POR MEIO DE PORTARIA
2013,58,RECURSOS PARA COBERTURA DO DEFICIT ATUARIAL DO RPPS
2013,59,OUTROS RECURSOS VINCULADOS
2013,60,RECURSOS DIRETAMENTE ARRECADADOS
2013,61,RECURSOS DIRETAMENTE ARRECADADOS COM VINCULACAO ESPECIFICA
2013,70,"CONVENIOS COM OS ESTADOS, O DISTRITO FEDERAL, OS MUNICIPIOS, AS INSTITUICOES PRIVADAS E O"
2013,71,RECURSOS DO FUNDO ESTADUAL DE ERRADICACAO DA MISERIA
2013,72,TAXA DE FISCALIZACAO DE RECURSOS MINERARIOS
2013,73,ACORDOS E AJUSTES DE COOPERACAO MUTUA COM A UNIAO E SUAS ENTIDADES.
2013,74,"ACORDOS E AJUSTES DE COOPERACAO MUTUA COM OS ESTADOS, O DISTRITO FEDERAL, OS MUNICIPIOS,"
2013,75,CONTRIBUICAO PATRONAL PARA CUSTEIO DOS PROVENTOS DOS MILITARES
2013,76,TAXA DE ADMINISTRACAO DO FUNPEMG
2013,77,"RECEITAS DE FISCALIZACAO, TAXAS E CUSTAS JUDICIAIS"
2014,10,RECURSOS ORDINARIOS
2014,20,RECURSOS CONSTITUC.VINCULADOS AOS MUNICIPIOS
2014,21,COTA ESTADUAL DO SALARIO EDUCACAO - QESE
2014,22,RECURSOS DO SISTEMA UNICO DE SAUDE - SUS
2014,23,FUNDO DE MANUTENCAO E DESENVOLVIMENTO DA EDUCACAO BASICA - FUNDEB
2014,24,CONVENIOS COM A UNIAO E SUAS ENTIDADES
2014,25,OPERACOES DE CREDITO CONTRATUAIS
2014,26,TAXA  FLORESTAL
2014,27,TAXA DE SEGURANCA PUBLICA
2014,28,TAXA DE FISCALIZACAO JUDICIARIA
2014,29,TAXA DE EXPEDIENTE
2014,30,CONTRIBUICAO A APOSENTADORIA
2014,31,UTILIZACAO DE RECURSOS HIDRICOS
2014,32,EXPLORACAO DE RECURSOS MINERAIS
2014,33,EXPLORACAO E PRODUCAO DE PETROLEO  E GAS NATURAL
2014,34,NOTIFICACAO DE INFRACAO DE TRANSITO
2014,36,TRANSFERENCIAS DE RECURSOS DA UNIAO VINCULADOS A EDUCACAO
2014,37,TRANSFERENCIAS DE RECURSOS DA UNIAO VINCULADOS A SAUDE
2014,38,TRANSFERENCIAS DE RECURSOS DA UNIAO VINCULADOS AO ESPORTE
2014,39,MULTAS PECUNIARIAS E JUROS DE MORA FIXADOS EM SENTENCAS JUDICIAIS
2014,40,RECURSOS FUNDOS EXTINTOS-LEI NO 13.848/2001
2014,42,CONTRIBUICAO PATRONAL PARA O FUNFIP
2014,43,CONTRIBUICAO DO SERVIDOR PARA O FUNFIP
2014,44,COMPENSACAO FINANCEIRA ENTRE REGIMES DE PREVIDENCIA
2014,45,"DOACOES DE PESSOAS, DE INSTITUICOES PRIVADAS OU DO EXTERIOR A ORGAO E ENTIDADES DO ESTADO"
2014,47,ALIENACAO DE BENS DE ENTIDADES ESTADUAIS
2014,48,ALIENACAO DE BENS DO TESOURO ESTADUAL
2014,49,CONTRIBUICAO PATRONAL DO ESTADO AOS INSTITUTOS DE PREVIDENCIA
2014,50,CONTRIBUICAO DO SERVIDOR DO ESTADO AOS INSTITUTOS DE PREVIDENCIA
2014,51,CONTRIBUICAO DE INTERVENCAO NO DOMINIO ECONOMICO/COMBUSTIVEIS-CIDE
2014,52,TAXA DE CONTROLE E FISCALIZACAO AMBIENTAL
2014,53,TAXA DE INCENDIO
2014,54,TAXA DE LICENCIAMENTO DA FAIXA DE DOMINIO DAS RODOVIAS
2014,55,TRANSFERENCIAS DE RECURSOS DOS MUNICIPIOS VINCULADOS A FARMACIA BASICA - FES
2014,56,TRANSFERENCIAS DE RECURSOS DA UNIAO VINCULADOS A ASSISTENCIA SOCIAL
2014,57,TRANSFERENCIAS DE RECURSOS DA UNIAO POR MEIO DE PORTARIA
2014,58,RECURSOS PARA COBERTURA DO DEFICIT ATUARIAL DO RPPS
2014,59,OUTROS RECURSOS VINCULADOS
2014,60,RECURSOS DIRETAMENTE ARRECADADOS
2014,61,RECURSOS DIRETAMENTE ARRECADADOS COM VINCULACAO ESPECIFICA
2014,70,"CONVENIOS COM OS ESTADOS, O DISTRITO FEDERAL, OS MUNICIPIOS, AS INSTITUICOES PRIVADAS E O"
2014,71,RECURSOS DO FUNDO ESTADUAL DE ERRADICACAO DA MISERIA
2014,72,TAXA DE FISCALIZACAO DE RECURSOS MINERARIOS
2014,73,ACORDOS E AJUSTES DE COOPERACAO MUTUA COM A UNIAO E SUAS ENTIDADES.
2014,74,"ACORDOS E AJUSTES DE COOPERACAO MUTUA COM OS ESTADOS, O DISTRITO FEDERAL, OS MUNICIPIOS,"
2014,75,CONTRIBUICAO PATRONAL PARA CUSTEIO DOS PROVENTOS DOS MILITARES
2014,76,TAXA DE ADMINISTRACAO DO FUNPEMG
2014,77,"RECEITAS DE FISCALIZACAO, TAXAS E CUSTAS JUDICIAIS"
2015,10,RECURSOS ORDINARIOS
2015,20,RECURSOS CONSTITUC.VINCULADOS AOS MUNICIPIOS
2015,21,COTA ESTADUAL DO SALARIO EDUCACAO - QESE
2015,22,TRANSFERENCIAS DE RECURSOS DO SUS PARA ATENCAO DE MEDIA E ALTA COMPLEXIDADE AMBULATORIAL E HOSPITALA
2015,23,FUNDO DE MANUTENCAO E DESENVOLVIMENTO DA EDUCACAO BASICA - FUNDEB
2015,24,CONVENIOS COM A UNIAO E SUAS ENTIDADES
2015,25,OPERACOES DE CREDITO CONTRATUAIS
2015,26,TAXA  FLORESTAL
2015,27,TAXA DE SEGURANCA PUBLICA
2015,29,TAXA DE EXPEDIENTE
2015,30,CONTRIBUICAO A APOSENTADORIA
2015,31,UTILIZACAO DE RECURSOS HIDRICOS
2015,32,EXPLORACAO DE RECURSOS MINERAIS
2015,33,EXPLORACAO E PRODUCAO DE PETROLEO  E GAS NATURAL
2015,34,NOTIFICACAO DE INFRACAO DE TRANSITO
2015,36,TRANSFERENCIAS DE RECURSOS DA UNIAO VINCULADOS A EDUCACAO
2015,37,TRANSFERENCIAS DE RECURSOS DA UNIAO VINCULADOS A SAUDE
2015,38,TRANSFERENCIAS DE RECURSOS DA UNIAO VINCULADOS AO ESPORTE
2015,39,MULTAS PECUNIARIAS E JUROS DE MORA FIXADOS EM SENTENCAS JUDICIAIS
2015,40,RECURSOS FUNDOS EXTINTOS-LEI NO 13.848/2001
2015,42,CONTRIBUICAO PATRONAL PARA O FUNFIP
2015,43,CONTRIBUICAO DO SERVIDOR PARA O FUNFIP
2015,44,COMPENSACAO FINANCEIRA ENTRE REGIMES DE PREVIDENCIA
2015,45,"DOACOES DE PESSOAS, DE INSTITUICOES PRIVADAS OU DO EXTERIOR A ORGAO E ENTIDADES DO ESTADO"
2015,47,ALIENACAO DE BENS DE ENTIDADES ESTADUAIS
2015,48,ALIENACAO DE BENS DO TESOURO ESTADUAL
2015,49,CONTRIBUICAO PATRONAL DO ESTADO AOS INSTITUTOS DE PREVIDENCIA
2015,50,CONTRIBUICAO DO SERVIDOR DO ESTADO AOS INSTITUTOS DE PREVIDENCIA
2015,51,CONTRIBUICAO DE INTERVENCAO NO DOMINIO ECONOMICO/COMBUSTIVEIS-CIDE
2015,52,TAXA DE CONTROLE E FISCALIZACAO AMBIENTAL
2015,53,TAXA DE INCENDIO
2015,54,TAXA DE LICENCIAMENTO DA FAIXA DE DOMINIO DAS RODOVIAS
2015,55,TRANSFERENCIAS DE RECURSOS DOS MUNICIPIOS VINCULADOS A FARMACIA BASICA - FES
2015,56,TRANSFERENCIAS DE RECURSOS DA UNIAO VINCULADOS A ASSISTENCIA SOCIAL
2015,57,TRANSFERENCIAS DE RECURSOS DA UNIAO POR MEIO DE PORTARIA
2015,58,RECURSOS PARA COBERTURA DO DEFICIT ATUARIAL DO RPPS
2015,59,OUTROS RECURSOS VINCULADOS
2015,60,RECURSOS DIRETAMENTE ARRECADADOS
2015,61,RECURSOS DIRETAMENTE ARRECADADOS COM VINCULACAO ESPECIFICA
2015,70,"CONVENIOS COM OS ESTADOS, O DISTRITO FEDERAL, OS MUNICIPIOS, AS INSTITUICOES PRIVADAS E O"
2015,71,RECURSOS DO FUNDO ESTADUAL DE ERRADICACAO DA MISERIA
2015,72,TAXA DE FISCALIZACAO DE RECURSOS MINERARIOS
2015,73,ACORDOS E AJUSTES DE COOPERACAO MUTUA COM A UNIAO E SUAS ENTIDADES.
2015,74,"ACORDOS E AJUSTES DE COOPERACAO MUTUA COM OS ESTADOS, O DISTRITO FEDERAL, OS MUNICIPIOS,"
2015,75,CONTRIBUICAO PATRONAL PARA CUSTEIO DOS PROVENTOS DOS MILITARES
2015,77,"RECEITAS DE FISCALIZACAO, TAXAS E CUSTAS JUDICIAIS"
2015,81,RECURSOS DE DEPOSITOS JUDICIAIS - LEI 21.720/15 E L.C. FEDERAL 151/15
2016,10,RECURSOS ORDINARIOS
2016,20,RECURSOS CONSTITUC.VINCULADOS AOS MUNICIPIOS
2016,21,COTA ESTADUAL DO SALARIO EDUCACAO - QESE
2016,22,RECURSOS DO SISTEMA UNICO DE SAUDE - SUS
2016,23,FUNDO DE MANUTENCAO E DESENVOLVIMENTO DA EDUCACAO BASICA - FUNDEB
2016,24,CONVENIOS COM A UNIAO E SUAS ENTIDADES
2016,25,OPERACOES DE CREDITO CONTRATUAIS
2016,26,TAXA  FLORESTAL
2016,27,TAXA DE SEGURANCA PUBLICA
2016,29,TAXA DE EXPEDIENTE
2016,30,CONTRIBUICAO A APOSENTADORIA
2016,31,UTILIZACAO DE RECURSOS HIDRICOS
2016,32,EXPLORACAO DE RECURSOS MINERAIS
2016,33,EXPLORACAO E PRODUCAO DE PETROLEO  E GAS NATURAL
2016,36,TRANSFERENCIAS DE RECURSOS DA UNIAO VINCULADOS A EDUCACAO
2016,38,TRANSFERENCIAS DE RECURSOS DA UNIAO VINCULADOS AO ESPORTE
2016,39,MULTAS PECUNIARIAS E JUROS DE MORA FIXADOS EM SENTENCAS JUDICIAIS
2016,42,CONTRIBUICAO PATRONAL PARA O FUNFIP
2016,43,CONTRIBUICAO DO SERVIDOR PARA O FUNFIP
2016,44,COMPENSACAO FINANCEIRA ENTRE REGIMES DE PREVIDENCIA
2016,45,"DOACOES DE PESSOAS, DE INSTITUICOES PRIVADAS OU DO EXTERIOR A ORGAO E ENTIDADES DO ESTADO"
2016,47,ALIENACAO DE BENS DE ENTIDADES ESTADUAIS
2016,49,CONTRIBUICAO PATRONAL DO ESTADO AOS INSTITUTOS DE PREVIDENCIA
2016,50,CONTRIBUICAO DO SERVIDOR DO ESTADO AOS INSTITUTOS DE PREVIDENCIA
2016,51,CONTRIBUICAO DE INTERVENCAO NO DOMINIO ECONOMICO/COMBUSTIVEIS-CIDE
2016,52,TAXA DE CONTROLE E FISCALIZACAO AMBIENTAL
2016,53,TAXA DE INCENDIO
2016,54,TAXA DE LICENCIAMENTO DA FAIXA DE DOMINIO DAS RODOVIAS
2016,55,TRANSFERENCIAS DE RECURSOS DOS MUNICIPIOS VINCULADOS A FARMACIA BASICA - FES
2016,56,TRANSFERENCIAS DE RECURSOS DA UNIAO VINCULADOS A ASSISTENCIA SOCIAL
2016,57,TRANSFERENCIAS DE RECURSOS DA UNIAO POR MEIO DE PORTARIA
2016,58,RECURSOS PARA COBERTURA DO DEFICIT ATUARIAL DO RPPS
2016,59,OUTROS RECURSOS VINCULADOS
2016,60,RECURSOS DIRETAMENTE ARRECADADOS
2016,61,RECURSOS DIRETAMENTE ARRECADADOS COM VINCULACAO ESPECIFICA
2016,70,"CONVENIOS COM OS ESTADOS, O DISTRITO FEDERAL, OS MUNICIPIOS, AS INSTITUICOES PRIVADAS E O"
2016,71,RECURSOS DO FUNDO ESTADUAL DE ERRADICACAO DA MISERIA
2016,72,TAXA DE FISCALIZACAO DE RECURSOS MINERARIOS
2016,73,ACORDOS E AJUSTES DE COOPERACAO MUTUA COM A UNIAO E SUAS ENTIDADES.
2016,74,"ACORDOS E AJUSTES DE COOPERACAO MUTUA COM OS ESTADOS, O DISTRITO FEDERAL, OS MUNICIPIOS,"
2016,75,CONTRIBUICAO PATRONAL PARA CUSTEIO DOS PROVENTOS DOS MILITARES
2016,77,"RECEITAS DE FISCALIZACAO, TAXAS E CUSTAS JUDICIAIS"
2016,81,RECURSOS DE DEPOSITOS JUDICIAIS LEI 21.720/15
2016,82,NOTIFICACAO DE INFRACAO DE TRANSITO ESTADO
2016,83,NOTIFICACAO DE INFRACAO DE TRANSITO FUNTRANS
2016,84,TRANSFERENCIAS DE RECURSOS DO SUS PARA A GESTAO DO SUS
2016,85,TRANSFERENCIAS DE RECURSOS DO SUS PARA A VIGILANCIA EM SAUDE
2016,86,TRANSFERENCIAS DE RECURSOS DO SUS PARA A ASSISTENCIA FARMACEUTICA
2016,87,TRANSFERENCIAS DE RECURSOS DO SUS PARA A ATENCAO BASICA
2016,88,TRANSFERENCIAS DE RECURSOS DO SUS PARA INVESTIMENTOS NA REDE DE SERVICOS DE SAUDE
2017,10,RECURSOS ORDINARIOS
2017,20,RECURSOS CONSTITUC.VINCULADOS AOS MUNICIPIOS
2017,21,COTA ESTADUAL DO SALARIO EDUCACAO - QESE
2017,22,RECURSOS DO SISTEMA UNICO DE SAUDE - SUS
2017,23,FUNDO DE MANUTENCAO E DESENVOLVIMENTO DA EDUCACAO BASICA - FUNDEB
2017,24,CONVENIOS COM A UNIAO E SUAS ENTIDADES
2017,25,OPERACOES DE CREDITO CONTRATUAIS
2017,26,TAXA  FLORESTAL
2017,27,TAXA DE SEGURANCA PUBLICA
2017,29,TAXA DE EXPEDIENTE
2017,30,CONTRIBUICAO A APOSENTADORIA
2017,31,UTILIZACAO DE RECURSOS HIDRICOS
2017,32,EXPLORACAO DE RECURSOS MINERAIS
2017,33,EXPLORACAO E PRODUCAO DE PETROLEO  E GAS NATURAL
2017,36,TRANSFERENCIAS DE RECURSOS DA UNIAO VINCULADOS A EDUCACAO
2017,38,TRANSFERENCIAS DE RECURSOS DA UNIAO VINCULADOS AO ESPORTE
2017,39,MULTAS PECUNIARIAS E JUROS DE MORA FIXADOS EM SENTENCAS JUDICIAIS
2017,42,CONTRIBUICAO PATRONAL PARA O FUNFIP
2017,43,CONTRIBUICAO DO SERVIDOR PARA O FUNFIP
2017,44,COMPENSACAO FINANCEIRA ENTRE REGIMES DE PREVIDENCIA
2017,45,"DOACOES DE PESSOAS, DE INSTITUICOES PRIVADAS OU DO EXTERIOR A ORGAO E ENTIDADES DO ESTADO"
2017,47,ALIENACAO DE BENS DE ENTIDADES ESTADUAIS
2017,48,ALIENACAO DE BENS DO TESOURO ESTADUAL
2017,49,CONTRIBUICAO PATRONAL DO ESTADO AOS INSTITUTOS DE PREVIDENCIA
2017,50,CONTRIBUICAO DO SERVIDOR DO ESTADO AOS INSTITUTOS DE PREVIDENCIA
2017,51,CONTRIBUICAO DE INTERVENCAO NO DOMINIO ECONOMICO/COMBUSTIVEIS-CIDE
2017,52,TAXA DE CONTROLE E FISCALIZACAO AMBIENTAL
2017,53,TAXA DE INCENDIO
2017,54,TAXA DE LICENCIAMENTO DA FAIXA DE DOMINIO DAS RODOVIAS
2017,55,TRANSFERENCIAS DE RECURSOS DOS MUNICIPIOS VINCULADOS A FARMACIA BASICA - FES
2017,56,TRANSFERENCIAS DE RECURSOS DA UNIAO VINCULADOS A ASSISTENCIA SOCIAL
2017,57,TRANSFERENCIAS DE RECURSOS DA UNIAO POR MEIO DE PORTARIA
2017,58,RECURSOS PARA COBERTURA DO DEFICIT ATUARIAL DO RPPS
2017,59,OUTROS RECURSOS VINCULADOS
2017,60,RECURSOS DIRETAMENTE ARRECADADOS
2017,61,RECURSOS DIRETAMENTE ARRECADADOS COM VINCULACAO ESPECIFICA
2017,70,"CONVENIOS COM OS ESTADOS, O DISTRITO FEDERAL, OS MUNICIPIOS, AS INSTITUICOES PRIVADAS E O"
2017,71,RECURSOS DO FUNDO ESTADUAL DE ERRADICACAO DA MISERIA
2017,72,TAXA DE FISCALIZACAO DE RECURSOS MINERARIOS
2017,73,ACORDOS E AJUSTES DE COOPERACAO MUTUA COM A UNIAO E SUAS ENTIDADES.
2017,74,"ACORDOS E AJUSTES DE COOPERACAO MUTUA COM OS ESTADOS, O DISTRITO FEDERAL, OS MUNICIPIOS,"
2017,75,CONTRIBUICAO PATRONAL PARA CUSTEIO DOS PROVENTOS DOS MILITARES
2017,77,"RECEITAS DE FISCALIZACAO, TAXAS E CUSTAS JUDICIAIS"
2017,81,RECURSOS DE DEPOSITOS JUDICIAIS LEI 21.720/15
2017,82,NOTIFICACAO DE INFRACAO DE TRANSITO ESTADO
2017,83,NOTIFICACAO DE INFRACAO DE TRANSITO FUNTRANS
2017,84,TRANSFERENCIAS DE RECURSOS DO SUS PARA A GESTAO DO SUS
2017,85,TRANSFERENCIAS DE RECURSOS DO SUS PARA A VIGILANCIA EM SAUDE
2017,86,TRANSFERENCIAS DE RECURSOS DO SUS PARA A ASSISTENCIA FARMACEUTICA
2017,87,TRANSFERENCIAS DE RECURSOS DO SUS PARA A ATENCAO BASICA
2017,88,TRANSFERENCIAS DE RECURSOS DO SUS PARA INVESTIMENTOS NA REDE DE SERVICOS DE SAUDE
2018,10,RECURSOS ORDINARIOS
2018,20,RECURSOS CONSTITUC.VINCULADOS AOS MUNICIPIOS
2018,21,COTA ESTADUAL DO SALARIO EDUCACAO - QESE
2018,22,RECURSOS DO SISTEMA UNICO DE SAUDE - SUS
2018,23,FUNDO DE MANUTENCAO E DESENVOLVIMENTO DA EDUCACAO BASICA - FUNDEB
2018,24,CONVENIOS COM A UNIAO E SUAS ENTIDADES
2018,25,OPERACOES DE CREDITO CONTRATUAIS
2018,26,TAXA  FLORESTAL - ADMINISTRACAO INDIRETA
2018,27,TAXA DE SEGURANCA PUBLICA
2018,29,TAXA DE EXPEDIENTE - ADMINISTRACAO DIRETA
2018,30,CONTRIBUICAO A APOSENTADORIA
2018,31,UTILIZACAO DE RECURSOS HIDRICOS
2018,32,EXPLORACAO DE RECURSOS MINERAIS
2018,33,EXPLORACAO E PRODUCAO DE PETROLEO  E GAS NATURAL
2018,36,TRANSFERENCIAS DE RECURSOS DA UNIAO VINCULADOS A EDUCACAO
2018,37,TRANSFERENCIAS DE RECURSOS DA UNIAO VINCULADOS A SAUDE
2018,38,TRANSFERENCIAS DE RECURSOS DA UNIAO VINCULADOS AO ESPORTE
2018,39,MULTAS PECUNIARIAS E JUROS DE MORA FIXADOS EM SENTENCAS JUDICIAIS
2018,42,CONTRIBUICAO PATRONAL PARA O FUNFIP
2018,43,CONTRIBUICAO DO SERVIDOR PARA O FUNFIP
2018,44,COMPENSACAO FINANCEIRA ENTRE REGIMES DE PREVIDENCIA
2018,45,"DOACOES DE PESSOAS, DE INSTITUICOES PRIVADAS OU DO EXTERIOR A ORGAO E ENTIDADES DO ESTADO"
2018,47,ALIENACAO DE BENS DE ENTIDADES ESTADUAIS
2018,48,ALIENACAO DE BENS DO TESOURO ESTADUAL
2018,49,CONTRIBUICAO PATRONAL DO ESTADO AOS INSTITUTOS DE PREVIDENCIA
2018,50,CONTRIBUICAO DO SERVIDOR DO ESTADO AOS INSTITUTOS DE PREVIDENCIA
2018,51,CONTRIBUICAO DE INTERVENCAO NO DOMINIO ECONOMICO/COMBUSTIVEIS-CIDE
2018,52,TAXA DE CONTROLE E FISCALIZACAO AMBIENTAL
2018,53,TAXA DE INCENDIO
2018,54,TAXA DE LICENCIAMENTO DA FAIXA DE DOMINIO DAS RODOVIAS
2018,55,TRANSFERENCIAS DE RECURSOS DOS MUNICIPIOS VINCULADOS A FARMACIA BASICA - FES
2018,56,TRANSFERENCIAS DE RECURSOS DA UNIAO VINCULADOS A ASSISTENCIA SOCIAL
2018,57,TRANSFERENCIAS DE RECURSOS DA UNIAO POR MEIO DE PORTARIA
2018,58,RECURSOS PARA COBERTURA DO DEFICIT ATUARIAL DO RPPS
2018,59,OUTROS RECURSOS VINCULADOS
2018,60,RECURSOS DIRETAMENTE ARRECADADOS
2018,61,RECURSOS DIRETAMENTE ARRECADADOS COM VINCULACAO ESPECIFICA
2018,70,"CONVENIOS COM OS ESTADOS, O DISTRITO FEDERAL, OS MUNICIPIOS, AS INSTITUICOES PRIVADAS E OS ORGANISMO"
2018,71,RECURSOS DO FUNDO ESTADUAL DE ERRADICACAO DA MISERIA
2018,72,TAXA DE FISCALIZACAO DE RECURSOS MINERARIOS
2018,73,ACORDOS E AJUSTES DE COOPERACAO MUTUA COM A UNIAO E SUAS ENTIDADES.
2018,74,"ACORDOS E AJUSTES DE COOPERACAO MUTUA COM OS ESTADOS, O DISTRITO FEDERAL, OS MUNICIPIOS, AS INSTITUI"
2018,75,CONTRIBUICAO PATRONAL PARA CUSTEIO DOS PROVENTOS DOS MILITARES
2018,77,TAXA DE FISCALIZACAO JUDICIARIA E TAXAS E MULTAS JUDICIAIS
2018,81,RECURSOS DE DEPOSITOS JUDICIAIS LEI 21.720/15
2018,82,NOTIFICACAO DE INFRACAO DE TRANSITO ESTADO
2018,83,NOTIFICACAO DE INFRACAO DE TRANSITO FUNTRANS
2018,84,TRANSFERENCIAS DE RECURSOS DO SUS PARA A GESTAO DO SUS
2018,85,TRANSFERENCIAS DE RECURSOS DO SUS PARA A VIGILANCIA EM SAUDE
2018,86,TRANSFERENCIAS DE RECURSOS DO SUS PARA A ASSISTENCIA FARMACEUTICA
2018,87,TRANSFERENCIAS DE RECURSOS DO SUS PARA A ATENCAO BASICA
2018,88,TRANSFERENCIAS DE RECURSOS DO SUS PARA INVESTIMENTOS NA REDE DE SERVICOS DE SAUDE
2018,89,RECURSOS DECORRENTES DA OPERACAO DE SECURITIZACAO DOS ATIVOS DO FECIDAT
2018,91,TAXA DE EXPEDIENTE - ADMINISTRACAO INDIRETA
2019,10,RECURSOS ORDINARIOS
2019,20,RECURSOS CONSTITUC.VINCULADOS AOS MUNICIPIOS
2019,21,COTA ESTADUAL DO SALARIO EDUCACAO - QESE
2019,23,FUNDO DE MANUTENCAO E DESENVOLVIMENTO DA EDUCACAO BASICA - FUNDEB
2019,24,"CONVENIOS, ACORDOS E AJUSTES PROVENIENTES DA UNIAO E SUAS ENTIDADES"
2019,25,OPERACOES DE CREDITO CONTRATUAIS
2019,26,TAXA  FLORESTAL - ADMINISTRACAO INDIRETA
2019,27,TAXA DE SEGURANCA PUBLICA
2019,29,TAXA DE EXPEDIENTE - ADMINISTRACAO DIRETA
2019,30,CONTRIBUICAO A APOSENTADORIA
2019,31,UTILIZACAO DE RECURSOS HIDRICOS
2019,32,EXPLORACAO DE RECURSOS MINERAIS
2019,33,EXPLORACAO E PRODUCAO DE PETROLEO  E GAS NATURAL
2019,36,TRANSFERENCIAS DE RECURSOS DA UNIAO VINCULADOS A EDUCACAO
2019,37,TRANSFERENCIAS DE RECURSOS DA UNIAO VINCULADOS A SAUDE
2019,38,TRANSFERENCIAS DE RECURSOS DA UNIAO VINCULADOS AO ESPORTE
2019,39,MULTAS PECUNIARIAS E JUROS DE MORA FIXADOS EM SENTENCAS JUDICIAIS
2019,42,CONTRIBUICAO PATRONAL PARA O FUNFIP
2019,43,CONTRIBUICAO DO SERVIDOR PARA O FUNFIP
2019,44,COMPENSACAO FINANCEIRA ENTRE REGIMES DE PREVIDENCIA
2019,45,"DOACOES DE PESSOAS, DE INSTITUICOES PRIVADAS OU DO EXTERIOR A ORGAO E ENTIDADES DO ESTADO"
2019,47,ALIENACAO DE BENS DE ENTIDADES ESTADUAIS
2019,48,ALIENACAO DE BENS DO TESOURO ESTADUAL
2019,49,CONTRIBUICAO PATRONAL DO ESTADO AOS INSTITUTOS DE PREVIDENCIA
2019,50,CONTRIBUICAO DO SERVIDOR DO ESTADO AOS INSTITUTOS DE PREVIDENCIA
2019,51,CONTRIBUICAO DE INTERVENCAO NO DOMINIO ECONOMICO/COMBUSTIVEIS-CIDE
2019,52,TAXA DE CONTROLE E FISCALIZACAO AMBIENTAL
2019,53,TAXA DE INCENDIO
2019,54,TAXA DE LICENCIAMENTO DA FAIXA DE DOMINIO DAS RODOVIAS
2019,56,TRANSFERENCIAS DE RECURSOS DA UNIAO VINCULADOS A ASSISTENCIA SOCIAL
2019,57,TRANSFERENCIAS DE RECURSOS DA UNIAO POR MEIO DE PORTARIA
2019,58,RECURSOS PARA COBERTURA DO DEFICIT ATUARIAL DO RPPS
2019,59,OUTROS RECURSOS VINCULADOS
2019,60,RECURSOS DIRETAMENTE ARRECADADOS
2019,61,RECURSOS DIRETAMENTE ARRECADADOS COM VINCULACAO ESPECIFICA
2019,70,"CONVENIOS COM OS ESTADOS, O DISTRITO FEDERAL, OS MUNICIPIOS, AS INSTITUICOES PRIVADAS E OS ORGANISMO"
2019,71,RECURSOS DO FUNDO ESTADUAL DE ERRADICACAO DA MISERIA
2019,72,TAXA DE FISCALIZACAO DE RECURSOS MINERARIOS
2019,73,ACORDOS E AJUSTES DE COOPERACAO MUTUA COM A UNIAO E SUAS ENTIDADES.
2019,74,"ACORDOS E AJUSTES DE COOPERACAO MUTUA COM OS ESTADOS, O DISTRITO FEDERAL, OS MUNICIPIOS, AS INSTITUI"
2019,75,CONTRIBUICAO PATRONAL PARA CUSTEIO DOS PROVENTOS DOS MILITARES
2019,77,TAXA DE FISCALIZACAO JUDICIARIA E TAXAS E MULTAS JUDICIAIS
2019,82,NOTIFICACAO DE INFRACAO DE TRANSITO ESTADO
2019,83,NOTIFICACAO DE INFRACAO DE TRANSITO FUNTRANS
2019,89,RECURSOS DECORRENTES DA OPERACAO DE SECURITIZACAO DOS ATIVOS DO FECIDAT
2019,91,TAXA DE EXPEDIENTE - ADMINISTRACAO INDIRETA
2019,92,TRANSFERENCIAS DE RECURSOS DA UNIAO VINCULADOS A SAUDE - BLOCO DE CUSTEIO
2019,93,TRANSFERENCIAS DE RECURSOS DA UNIAO VINCULADOS A SAUDE - BLOCO DE INVESTIMENTO
2019,95,RECURSOS RECEBIDOS POR DANOS ADVINDOS DE DESASTRES SOCIOAMBIENTAIS
2020,10,RECURSOS ORDINARIOS
2020,11,RECURSOS DE DESVINCULACAO DE RECEITAS ? EC 93/2016
2020,13,FUNDO DE MANUTENCAO E DESENVOLVIMENTO DA EDUCACAO BASICA - FUNDEB - REGULARIZACAO DE EXERCICIOS ANTE
2020,20,RECURSOS CONSTITUC.VINCULADOS AOS MUNICIPIOS
2020,21,COTA ESTADUAL DO SALARIO EDUCACAO - QESE
2020,23,FUNDO DE MANUTENCAO E DESENVOLVIMENTO DA EDUCACAO BASICA - FUNDEB
2020,24,"CONVENIOS, ACORDOS E AJUSTES PROVENIENTES DA UNIAO E SUAS ENTIDADES"
2020,25,OPERACOES DE CREDITO CONTRATUAIS
2020,26,TAXA  FLORESTAL - ADMINISTRACAO INDIRETA
2020,27,TAXA DE SEGURANCA PUBLICA
2020,29,TAXA DE EXPEDIENTE - ADMINISTRACAO DIRETA
2020,30,CONTRIBUICAO A APOSENTADORIA
2020,31,UTILIZACAO DE RECURSOS HIDRICOS
2020,32,EXPLORACAO DE RECURSOS MINERAIS
2020,33,EXPLORACAO E PRODUCAO DE PETROLEO  E GAS NATURAL
2020,36,TRANSFERENCIAS DE RECURSOS DA UNIAO VINCULADOS A EDUCACAO
2020,37,TRANSFERENCIAS DE RECURSOS DA UNIAO VINCULADOS A SAUDE
2020,38,TRANSFERENCIAS DE RECURSOS DA UNIAO VINCULADOS AO ESPORTE
2020,39,MULTAS PECUNIARIAS E JUROS DE MORA FIXADOS EM SENTENCAS JUDICIAIS
2020,42,CONTRIBUICAO PATRONAL PARA O RPPS
2020,43,CONTRIBUICAO DO SERVIDOR PARA O RPPS
2020,44,COMPENSACAO FINANCEIRA ENTRE REGIMES DE PREVIDENCIA
2020,45,"DOACOES DE PESSOAS FISICAS OU JURIDICAS, DE INSTITUICOES PRIVADAS OU DO EXTERIOR A ORGAO E ENTIDADES"
2020,46,"DOACOES DE PESSOAS FISICAS OU JURIDICAS, DE INSTITUICOES PRIVADAS OU DO EXTERIOR AO TESOURO ESTADUAL"
2020,47,ALIENACAO DE BENS DE ENTIDADES ESTADUAIS
2020,48,ALIENACAO DE BENS DO TESOURO ESTADUAL
2020,49,CONTRIBUICAO PATRONAL DO ESTADO AOS INSTITUTOS DE PREVIDENCIA
2020,50,CONTRIBUICAO DO SERVIDOR DO ESTADO AOS INSTITUTOS DE PREVIDENCIA
2020,51,CONTRIBUICAO DE INTERVENCAO NO DOMINIO ECONOMICO/COMBUSTIVEIS-CIDE
2020,52,TAXA DE CONTROLE E FISCALIZACAO AMBIENTAL
2020,53,TAXA DE INCENDIO
2020,54,TAXA DE LICENCIAMENTO DA FAIXA DE DOMINIO DAS RODOVIAS
2020,56,TRANSFERENCIAS DE RECURSOS DA UNIAO VINCULADOS A ASSISTENCIA SOCIAL
2020,57,TRANSFERENCIAS DE RECURSOS DA UNIAO POR MEIO DE PORTARIA
2020,58,RECURSOS PARA COBERTURA DO DEFICIT ATUARIAL DO RPPS
2020,59,OUTROS RECURSOS VINCULADOS
2020,60,RECURSOS DIRETAMENTE ARRECADADOS
2020,61,RECURSOS DIRETAMENTE ARRECADADOS COM VINCULACAO ESPECIFICA
2020,70,"CONVENIOS COM OS ESTADOS, O DISTRITO FEDERAL, OS MUNICIPIOS, AS INSTITUICOES PRIVADAS E OS ORGANISMO"
2020,71,RECURSOS DO FUNDO ESTADUAL DE ERRADICACAO DA MISERIA
2020,72,TAXA DE FISCALIZACAO DE RECURSOS MINERARIOS
2020,73,ACORDOS E AJUSTES DE COOPERACAO MUTUA COM A UNIAO E SUAS ENTIDADES.
2020,74,"ACORDOS E AJUSTES DE COOPERACAO MUTUA COM OS ESTADOS, O DISTRITO FEDERAL, OS MUNICIPIOS, AS INSTITUI"
2020,75,CONTRIBUICAO PATRONAL PARA CUSTEIO DOS PROVENTOS DOS MILITARES
2020,77,TAXA DE FISCALIZACAO JUDICIARIA E TAXAS E MULTAS JUDICIAIS
2020,78,CONTRIBUICAO MILITAR PARA CUSTEIO DO SISTEMA DE PROTECAO SOCIAL DOS MILITARES
2020,82,NOTIFICACAO DE INFRACAO DE TRANSITO ESTADO
2020,83,NOTIFICACAO DE INFRACAO DE TRANSITO FUNTRANS
2020,91,TAXA DE EXPEDIENTE - ADMINISTRACAO INDIRETA
2020,92,TRANSFERENCIAS DE RECURSOS DA UNIAO VINCULADOS A SAUDE - BLOCO DE CUSTEIO
2020,93,TRANSFERENCIAS DE RECURSOS DA UNIAO VINCULADOS A SAUDE - BLOCO DE INVESTIMENTO
2020,95,RECURSOS RECEBIDOS POR DANOS ADVINDOS DE DESASTRES SOCIOAMBIENTAIS
2020,97,TRANSFERENCIAS ESPECIAIS DE RECURSOS DA UNIAO
2020,99,AUXILIO FINANCEIRO RECEBIDO DA UNIAO PARA APLICACAO EM ACOES DE ENFRENTAMENTO A COVID 19
2021,10,RECURSOS ORDINARIOS
2021,11,RECURSOS DE DESVINCULACAO DE RECEITAS ? EC 93/2016
2021,13,FUNDO DE MANUTENCAO E DESENVOLVIMENTO DA EDUCACAO BASICA - FUNDEB - REGULARIZACAO DE EXERCICIOS ANTE
2021,20,RECURSOS CONSTITUC.VINCULADOS AOS MUNICIPIOS
2021,21,COTA ESTADUAL DO SALARIO EDUCACAO - QESE
2021,23,FUNDO DE MANUTENCAO E DESENVOLVIMENTO DA EDUCACAO BASICA - FUNDEB
2021,24,"CONVENIOS, ACORDOS E AJUSTES PROVENIENTES DA UNIAO E SUAS ENTIDADES"
2021,25,OPERACOES DE CREDITO CONTRATUAIS
2021,26,TAXA  FLORESTAL - ADMINISTRACAO INDIRETA
2021,27,TAXA DE SEGURANCA PUBLICA
2021,29,TAXA DE EXPEDIENTE - ADMINISTRACAO DIRETA
2021,31,UTILIZACAO DE RECURSOS HIDRICOS
2021,32,EXPLORACAO DE RECURSOS MINERAIS
2021,33,EXPLORACAO E PRODUCAO DE PETROLEO  E GAS NATURAL
2021,36,TRANSFERENCIAS DE RECURSOS DA UNIAO VINCULADOS A EDUCACAO
2021,37,TRANSFERENCIAS DE RECURSOS DA UNIAO VINCULADOS A SAUDE
2021,38,TRANSFERENCIAS DE RECURSOS DA UNIAO VINCULADOS AO ESPORTE
2021,39,MULTAS PECUNIARIAS E JUROS DE MORA FIXADOS EM SENTENCAS JUDICIAIS
2021,42,CONTRIBUICAO PATRONAL PARA O RPPS
2021,43,CONTRIBUICAO DO SERVIDOR PARA O RPPS
2021,45,"DOACOES DE PESSOAS, DE INSTITUICOES PRIVADAS OU DO EXTERIOR A ORGAO E ENTIDADES DO ESTADO"
2021,46,"DOACOES DE PESSOAS, DE INSTITUICOES PRIVADAS OU DO EXTERIOR AO TESOURO ESTADUAL"
2021,47,ALIENACAO DE BENS DE ENTIDADES ESTADUAIS
2021,48,ALIENACAO DE BENS DO TESOURO ESTADUAL
2021,49,CONTRIBUICAO PATRONAL DO ESTADO AOS INSTITUTOS DE PREVIDENCIA
2021,50,CONTRIBUICAO DO SERVIDOR DO ESTADO AOS INSTITUTOS DE PREVIDENCIA
2021,51,CONTRIBUICAO DE INTERVENCAO NO DOMINIO ECONOMICO/COMBUSTIVEIS-CIDE
2021,52,TAXA DE CONTROLE E FISCALIZACAO AMBIENTAL
2021,53,TAXA DE INCENDIO
2021,54,TAXA DE LICENCIAMENTO DA FAIXA DE DOMINIO DAS RODOVIAS
2021,56,TRANSFERENCIAS DE RECURSOS DA UNIAO VINCULADOS A ASSISTENCIA SOCIAL
2021,57,TRANSFERENCIAS DE RECURSOS DA UNIAO POR MEIO DE PORTARIA
2021,58,RECURSOS PARA COBERTURA DO DEFICIT ATUARIAL DO RPPS
2021,59,OUTROS RECURSOS VINCULADOS
2021,60,RECURSOS DIRETAMENTE ARRECADADOS
2021,61,RECURSOS DIRETAMENTE ARRECADADOS COM VINCULACAO ESPECIFICA
2021,70,"CONVENIOS COM OS ESTADOS, O DISTRITO FEDERAL, OS MUNICIPIOS, AS INSTITUICOES PRIVADAS E OS ORGANISMO"
2021,71,RECURSOS DO FUNDO ESTADUAL DE ERRADICACAO DA MISERIA
2021,72,TAXA DE FISCALIZACAO DE RECURSOS MINERARIOS
2021,73,ACORDOS E AJUSTES DE COOPERACAO MUTUA COM A UNIAO E SUAS ENTIDADES.
2021,74,"ACORDOS E AJUSTES DE COOPERACAO MUTUA COM OS ESTADOS, O DISTRITO FEDERAL, OS MUNICIPIOS, AS INSTITUI"
2021,77,TAXA DE FISCALIZACAO JUDICIARIA E TAXAS E MULTAS JUDICIAIS
2021,78,CONTRIBUICAO MILITAR PARA CUSTEIO DO SISTEMA DE PROTECAO SOCIAL DOS MILITARES
2021,82,NOTIFICACAO DE INFRACAO DE TRANSITO ESTADO
2021,83,NOTIFICACAO DE INFRACAO DE TRANSITO FUNTRANS
2021,91,TAXA DE EXPEDIENTE - ADMINISTRACAO INDIRETA
2021,92,TRANSFERENCIAS DE RECURSOS DA UNIAO VINCULADOS A SAUDE - BLOCO DE CUSTEIO
2021,93,TRANSFERENCIAS DE RECURSOS DA UNIAO VINCULADOS A SAUDE - BLOCO DE INVESTIMENTO
2021,94,TAXA FLORESTAL - ADMINISTRACAO DIRETA
2021,95,RECURSOS RECEBIDOS POR DANOS ADVINDOS DE DESASTRES SOCIOAMBIENTAIS
2021,97,TRANSFERENCIAS ESPECIAIS DE RECURSOS DA UNIAO
2021,99,AUXILIO FINANCEIRO RECEBIDO DA UNIAO PARA APLICACAO EM ACOES DE ENFRENTAMENTO A COVID 19
2022,10,RECURSOS ORDINARIOS
2022,11,RECURSOS DE DESVINCULACAO DE RECEITAS ? EC 93/2016
2022,12,OPERACOES DE CREDITO CONTRATUAIS - SWAP
2022,13,FUNDO DE MANUTENCAO E DESENVOLVIMENTO DA EDUCACAO BASICA - FUNDEB - REGULARIZACAO DE EXERCICIOS ANTE
2022,18,AUXILIO FINANCEIRO PELA OUTORGA DE CREDITO TRIBUTARIO - ICMS ETANOL
2022,20,RECURSOS CONSTITUC.VINCULADOS AOS MUNICIPIOS
2022,21,COTA ESTADUAL DO SALARIO EDUCACAO - QESE
2022,23,FUNDO DE MANUTENCAO E DESENVOLVIMENTO DA EDUCACAO BASICA - FUNDEB
2022,24,"CONVENIOS, ACORDOS E AJUSTES PROVENIENTES DA UNIAO E SUAS ENTIDADES"
2022,25,OPERACOES DE CREDITO CONTRATUAIS
2022,26,TAXA  FLORESTAL - ADMINISTRACAO INDIRETA
2022,27,TAXA DE SEGURANCA PUBLICA
2022,29,TAXA DE EXPEDIENTE - ADMINISTRACAO DIRETA
2022,31,UTILIZACAO DE RECURSOS HIDRICOS
2022,32,EXPLORACAO DE RECURSOS MINERAIS
2022,33,EXPLORACAO E PRODUCAO DE PETROLEO  E GAS NATURAL
2022,36,TRANSFERENCIAS DE RECURSOS DA UNIAO VINCULADOS A EDUCACAO
2022,37,TRANSFERENCIAS DE RECURSOS DA UNIAO VINCULADOS A SAUDE
2022,38,TRANSFERENCIAS DE RECURSOS DA UNIAO VINCULADOS AO ESPORTE
2022,39,MULTAS PECUNIARIAS E JUROS DE MORA FIXADOS EM SENTENCAS JUDICIAIS
2022,40,RECURSOS FUNDOS EXTINTOS-LEI NO 13.848/2001
2022,42,CONTRIBUICAO PATRONAL PARA O RPPS
2022,43,CONTRIBUICAO DO SERVIDOR PARA O RPPS
2022,44,COMPENSACAO FINANCEIRA ENTRE REGIMES DE PREVIDENCIA
2022,45,"DOACOES DE PESSOAS, DE INSTITUICOES PRIVADAS OU DO EXTERIOR A ORGAO E ENTIDADES DO ESTADO"
2022,46,"DOACOES DE PESSOAS, DE INSTITUICOES PRIVADAS OU DO EXTERIOR AO TESOURO ESTADUAL"
2022,47,ALIENACAO DE BENS DE ENTIDADES ESTADUAIS
2022,48,ALIENACAO DE BENS DO TESOURO ESTADUAL
2022,49,CONTRIBUICAO PATRONAL DO ESTADO AOS INSTITUTOS DE PREVIDENCIA
2022,50,CONTRIBUICAO DO SERVIDOR DO ESTADO AOS INSTITUTOS DE PREVIDENCIA
2022,51,CONTRIBUICAO DE INTERVENCAO NO DOMINIO ECONOMICO/COMBUSTIVEIS-CIDE
2022,52,TAXA DE CONTROLE E FISCALIZACAO AMBIENTAL
2022,53,TAXA DE INCENDIO
2022,54,TAXA DE LICENCIAMENTO DA FAIXA DE DOMINIO DAS RODOVIAS
2022,56,TRANSFERENCIAS DE RECURSOS DA UNIAO VINCULADOS A ASSISTENCIA SOCIAL
2022,57,TRANSFERENCIAS DE RECURSOS DA UNIAO POR MEIO DE PORTARIA
2022,58,RECURSOS PARA COBERTURA DE INSUFICIENCIA FINANCEIRA DO RPPS
2022,59,OUTROS RECURSOS VINCULADOS
2022,60,RECURSOS DIRETAMENTE ARRECADADOS
2022,61,RECURSOS DIRETAMENTE ARRECADADOS COM VINCULACAO ESPECIFICA
2022,70,"CONVENIOS COM OS ESTADOS, O DISTRITO FEDERAL, OS MUNICIPIOS, AS INSTITUICOES PRIVADAS E OS ORGANISMO"
2022,71,RECURSOS DO FUNDO ESTADUAL DE ERRADICACAO DA MISERIA
2022,72,TAXA DE FISCALIZACAO DE RECURSOS MINERARIOS
2022,73,ACORDOS E AJUSTES DE COOPERACAO MUTUA COM A UNIAO E SUAS ENTIDADES.
2022,74,"ACORDOS E AJUSTES DE COOPERACAO MUTUA COM OS ESTADOS, O DISTRITO FEDERAL, OS MUNICIPIOS, AS INSTITUI"
2022,77,TAXA DE FISCALIZACAO JUDICIARIA E TAXAS E MULTAS JUDICIAIS
2022,78,CONTRIBUICAO MILITAR PARA CUSTEIO DO SISTEMA DE PROTECAO SOCIAL DOS MILITARES
2022,82,NOTIFICACAO DE INFRACAO DE TRANSITO ESTADO
2022,83,NOTIFICACAO DE INFRACAO DE TRANSITO FUNTRANS
2022,91,TAXA DE EXPEDIENTE - ADMINISTRACAO INDIRETA
2022,92,TRANSFERENCIAS DE RECURSOS DA UNIAO VINCULADOS A SAUDE - BLOCO DE CUSTEIO
2022,93,TRANSFERENCIAS DE RECURSOS DA UNIAO VINCULADOS A SAUDE - BLOCO DE INVESTIMENTO
2022,94,TAXA FLORESTAL - ADMINISTRACAO DIRETA
2022,95,RECURSOS RECEBIDOS POR DANOS ADVINDOS DE DESASTRES SOCIOAMBIENTAIS
2022,96,BONUS DE ASSINATURA DO EXCEDENTE DA CESSAO ONEROSA PELA EXPLORACAO DO PRE-SAL
2022,97,TRANSFERENCIAS ESPECIAIS DE RECURSOS DA UNIAO
2023,1,CONVENIOS COM A UNIAO E SUAS ENTIDADES - EMENDAS INDIVIDUAIS
2023,2,CONVENIOS COM A UNIAO E SUAS ENTIDADES - EMENDAS DE BANCADA
2023,3,TRANSFERENCIAS DO FNDE VINCULADAS A EDUCACAO - EMENDAS INDIVIDUAIS
2023,4,TRANSFERENCIAS DO FNDE VINCULADAS A EDUCACAO - EMENDAS DE BANCADA
2023,5,TRANSFERENCIAS DA UNIAO VINCULADAS A ASSISTENCIA SOCIAL - EMENDAS INDIVIDUAIS
2023,6,TRANSFERENCIAS DA UNIAO VINCULADAS A ASSISTENCIA SOCIAL - EMENDAS DE BANCADA
2023,9,"TERMOS DE AJUSTAMENTO, DOACOES CONTROLADAS POR INSTRUMENTO JURIDICO E CONGENERES"
2023,10,RECURSOS ORDINARIOS - RECURSOS NAO VINCULADOS DE IMPOSTOS
2023,11,RECURSOS DE DESVINCULACAO DE RECEITAS
2023,12,OPERACOES DE CREDITO CONTRATUAIS - SWAP
2023,13,FUNDO DE MANUTENCAO E DESENVOLVIMENTO DA EDUCACAO BASICA - FUNDEB - REGULARIZACAO DE EXERCICIOS ANTE
2023,15,RECURSOS ORDINARIOS - OUTROS RECURSOS NAO VINCULADOS
2023,17,TRANSFERENCIAS DESTINADAS AO SETOR CULTURAL - LC 195/2022 - ART 5O - AUDIOVISUAL
2023,19,RECURSOS NAO VINCULADOS DA COMPENSACAO DE IMPOSTOS
2023,20,RECURSOS CONSTITUC.VINCULADOS AOS MUNICIPIOS
2023,21,COTA ESTADUAL DO SALARIO EDUCACAO - QESE
2023,23,FUNDO DE MANUTENCAO E DESENVOLVIMENTO DA EDUCACAO BASICA - FUNDEB
2023,24,CONVENIOS COM A UNIAO E SUAS ENTIDADES - EXCETO EMENDAS INDIVIDUAIS E DE BANCADA
2023,25,OPERACOES DE CREDITO CONTRATUAIS
2023,26,TAXA  FLORESTAL - ADMINISTRACAO INDIRETA
2023,27,TAXA DE SEGURANCA PUBLICA
2023,29,TAXA DE EXPEDIENTE - ADMINISTRACAO DIRETA
2023,31,UTILIZACAO DE RECURSOS HIDRICOS
2023,32,EXPLORACAO DE RECURSOS MINERAIS
2023,33,EXPLORACAO E PRODUCAO DE PETROLEO  E GAS NATURAL
2023,36,TRANSFERENCIAS DO FNDE VINCULADAS A EDUCACAO - EXCETO EMENDAS INDIVIDUAIS E DE BANCADA
2023,37,TRANSFERENCIAS DA UNIAO VINCULADOS A SAUDE
2023,38,TRANSFERENCIAS DA UNIAO VINCULADOS AO ESPORTE
2023,39,MULTAS PECUNIARIAS E JUROS DE MORA FIXADOS EM SENTENCAS JUDICIAIS
2023,40,RECURSOS FUNDOS EXTINTOS-LEI NO 13.848/2001
2023,42,CONTRIBUICAO PATRONAL PARA O RPPS
2023,43,CONTRIBUICAO DO SERVIDOR PARA O RPPS
2023,44,COMPENSACAO FINANCEIRA ENTRE REGIMES DE PREVIDENCIA
2023,45,"DOACOES DE PESSOAS, DE INSTITUICOES PRIVADAS OU DO EXTERIOR A ORGAO E ENTIDADES DO ESTADO"
2023,46,"DOACOES DE PESSOAS, DE INSTITUICOES PRIVADAS OU DO EXTERIOR AO TESOURO ESTADUAL"
2023,47,ALIENACAO DE BENS DE ENTIDADES ESTADUAIS
2023,48,ALIENACAO DE BENS DO TESOURO ESTADUAL
2023,49,CONTRIBUICAO PATRONAL DO ESTADO AOS INSTITUTOS DE PREVIDENCIA
2023,50,CONTRIBUICAO DO SERVIDOR DO ESTADO AOS INSTITUTOS DE PREVIDENCIA
2023,51,CONTRIBUICAO DE INTERVENCAO NO DOMINIO ECONOMICO/COMBUSTIVEIS-CIDE
2023,52,TAXA DE CONTROLE E FISCALIZACAO AMBIENTAL
2023,53,TAXA DE INCENDIO
2023,54,TAXA DE LICENCIAMENTO DA FAIXA DE DOMINIO DAS RODOVIAS
2023,56,TRANSFERENCIAS DA UNIAO VINCULADAS A ASSISTENCIA SOCIAL - EXCETO EMENDAS INDIVIDUAIS E DE BANCADA
2023,57,TRANSFERENCIAS DA UNIAO POR MEIO DE PORTARIA - EXCETO EMENDAS INDIVIDUAIS E DE BANCADA
2023,59,OUTROS RECURSOS VINCULADOS
2023,60,RECURSOS DIRETAMENTE ARRECADADOS
2023,61,RECURSOS DIRETAMENTE ARRECADADOS COM VINCULACAO ESPECIFICA
2023,62,TRANSFERENCIAS DA UNIAO VINCULADAS A SAUDE - BLOCO MANUTENCAO - EMENDAS INDIVIDUAIS
2023,63,TRANSFERENCIAS DA UNIAO VINCULADAS A SAUDE - BLOCO MANUTENCAO - EMENDAS DE BANCADA
2023,64,TRANSFERENCIAS DA UNIAO VINCULADAS A SAUDE - BLOCO ESTRUTURACAO - EMENDAS INDIVIDUAIS
2023,66,ACORDOS E AJUSTES DE COOPERACAO MUTUA COM OS ESTADOS E O DISTRITO FEDERAL
2023,67,ACORDOS E AJUSTES DE COOPERACAO MUTUA COM OS MUNICIPIOS
2023,68,CONVENIOS COM AS INSTITUICOES PRIVADAS E OS ORGANISMOS DO EXTERIOR
2023,69,CONVENIOS COM OS ESTADOS E O DISTRITO FEDERAL
2023,70,CONVENIOS COM OS MUNICIPIOS
2023,71,RECURSOS DO FUNDO ESTADUAL DE ERRADICACAO DA MISERIA
2023,72,TAXA DE FISCALIZACAO DE RECURSOS MINERARIOS
2023,73,"  ACORDOS, AJUSTES E DEMAIS INSTRUMENTOS DE COOPERACAO MUTUA COM A UNIAO E SUAS ENTIDADES"
2023,74,ACORDOS E AJUSTES DE COOPERACAO MUTUA COM AS INSTITUICOES PRIVADAS E OS ORGANISMOS DO EXTERIOR
2023,77,TAXA DE FISCALIZACAO JUDICIARIA E TAXAS E MULTAS JUDICIAIS
2023,78,CONTRIBUICAO MILITAR PARA CUSTEIO DO SISTEMA DE PROTECAO SOCIAL DOS MILITARES
2023,82,NOTIFICACAO DE INFRACAO DE TRANSITO ESTADO
2023,83,NOTIFICACAO DE INFRACAO DE TRANSITO FUNTRANS
2023,91,TAXA DE EXPEDIENTE - ADMINISTRACAO INDIRETA
2023,92,TRANSFERENCIAS DA UNIAO VINCULADAS A SAUDE - BLOCO MANUTENCAO - EXCETO EMENDAS INDIV. E DE BANCADA
2023,93,TRANSFERENCIAS DA UNIAO VINCULADAS A SAUDE - BLOCO ESTRUTURACAO - EXCETO EMENDAS INDIV. E DE BANCADA
2023,94,TAXA FLORESTAL - ADMINISTRACAO DIRETA
2023,95,RECURSOS RECEBIDOS POR DANOS ADVINDOS DE DESASTRES SOCIOAMBIENTAIS
2023,96,BONUS DE ASSINATURA DO EXCEDENTE DA CESSAO ONEROSA PELA EXPLORACAO DO PRE-SAL
2023,97,TRANSFERENCIAS ESPECIAIS DE RECURSOS DA UNIAO
2024,1,CONVENIOS COM A UNIAO E SUAS ENTIDADES - EMENDAS INDIVIDUAIS
2024,2,CONVENIOS COM A UNIAO E SUAS ENTIDADES - EMENDAS DE BANCADA
2024,3,TRANSFERENCIAS DO FNDE VINCULADAS A EDUCACAO - EMENDAS INDIVIDUAIS
2024,5,TRANSFERENCIAS DA UNIAO VINCULADAS A ASSISTENCIA SOCIAL - EMENDAS INDIVIDUAIS
2024,6,TRANSFERENCIAS DA UNIAO VINCULADAS A ASSISTENCIA SOCIAL - EMENDAS DE BANCADA
2024,9,"TERMOS DE AJUSTAMENTO, DOACOES CONTROLADAS POR INSTRUMENTO JURIDICO E CONGENERES"
2024,10,RECURSOS ORDINARIOS - RECURSOS NAO VINCULADOS DE IMPOSTOS
2024,11,RECURSOS DE DESVINCULACAO DE RECEITAS
2024,12,OPERACOES DE CREDITO CONTRATUAIS - SWAP
2024,13,FUNDO DE MANUTENCAO E DESENVOLVIMENTO DA EDUCACAO BASICA - FUNDEB - REGULARIZACAO DE EXERCICIOS ANTE
2024,15,RECURSOS ORDINARIOS - OUTROS RECURSOS NAO VINCULADOS
2024,16,DEMAIS TRANSFERENCIAS VINCULADAS DA UNIAO
2024,17,TRANSFERENCIAS DESTINADAS AO SETOR CULTURAL - LC 195/2022 - ART 5O - AUDIOVISUAL
2024,18,AUXILIO FINANCEIRO PELA OUTORGA DE CREDITO TRIBUTARIO - ICMS ETANOL
2024,19,RECURSOS NAO VINCULADOS DA COMPENSACAO DE IMPOSTOS
2024,20,RECURSOS CONSTITUC.VINCULADOS AOS MUNICIPIOS
2024,21,COTA ESTADUAL DO SALARIO EDUCACAO - QESE
2024,23,FUNDO DE MANUTENCAO E DESENVOLVIMENTO DA EDUCACAO BASICA - FUNDEB
2024,24,CONVENIOS COM A UNIAO E SUAS ENTIDADES - EXCETO EMENDAS INDIVIDUAIS E DE BANCADA
2024,25,OPERACOES DE CREDITO CONTRATUAIS
2024,26,TAXA  FLORESTAL - ADMINISTRACAO INDIRETA
2024,27,TAXA DE SEGURANCA PUBLICA
2024,29,TAXA DE EXPEDIENTE - ADMINISTRACAO DIRETA
2024,30,CONTRIBUICAO A APOSENTADORIA
2024,31,UTILIZACAO DE RECURSOS HIDRICOS
2024,32,EXPLORACAO DE RECURSOS MINERAIS
2024,33,EXPLORACAO E PRODUCAO DE PETROLEO  E GAS NATURAL
2024,36,TRANSFERENCIAS DO FNDE VINCULADAS A EDUCACAO - EXCETO EMENDAS INDIVIDUAIS E DE BANCADA
2024,37,TRANSFERENCIAS DA UNIAO VINCULADAS A SAUDE
2024,38,TRANSFERENCIAS DA UNIAO VINCULADAS AO ESPORTE
2024,39,MULTAS PECUNIARIAS E JUROS DE MORA FIXADOS EM SENTENCAS JUDICIAIS
2024,40,RECURSOS FUNDOS EXTINTOS-LEI NO 13.848/2001
2024,42,CONTRIBUICAO PATRONAL PARA O RPPS
2024,43,CONTRIBUICAO DO SERVIDOR PARA O RPPS
2024,44,COMPENSACAO FINANCEIRA ENTRE REGIMES DE PREVIDENCIA
2024,45,"DOACOES DE PESSOAS, DE INSTITUICOES PRIVADAS OU DO EXTERIOR A ORGAO E ENTIDADES DO ESTADO"
2024,46,"DOACOES DE PESSOAS, DE INSTITUICOES PRIVADAS OU DO EXTERIOR AO TESOURO ESTADUAL"
2024,47,ALIENACAO DE BENS DE ENTIDADES ESTADUAIS
2024,48,ALIENACAO DE BENS DO TESOURO ESTADUAL
2024,49,CONTRIBUICAO PATRONAL DO ESTADO AOS INSTITUTOS DE PREVIDENCIA
2024,50,CONTRIBUICAO DO SERVIDOR DO ESTADO AOS INSTITUTOS DE PREVIDENCIA
2024,51,CONTRIBUICAO DE INTERVENCAO NO DOMINIO ECONOMICO/COMBUSTIVEIS-CIDE
2024,52,TAXA DE CONTROLE E FISCALIZACAO AMBIENTAL
2024,53,TAXA DE INCENDIO
2024,54,TAXA DE LICENCIAMENTO DA FAIXA DE DOMINIO DAS RODOVIAS
2024,55,TRANSFERENCIAS DOS MUNICIPIOS VINCULADAS A FARMACIA BASICA - FES
2024,56,TRANSFERENCIAS DA UNIAO VINCULADAS A ASSISTENCIA SOCIAL - EXCETO EMENDAS INDIVIDUAIS E DE BANCADA
2024,57,TRANSFERENCIAS DA UNIAO POR MEIO DE PORTARIA - EXCETO EMENDAS INDIVIDUAIS E DE BANCADA
2024,58,RECURSOS PARA COBERTURA DE INSUFICIENCIA FINANCEIRA DO RPPS
2024,59,OUTROS RECURSOS VINCULADOS
2024,60,RECURSOS DIRETAMENTE ARRECADADOS
2024,61,RECURSOS DIRETAMENTE ARRECADADOS COM VINCULACAO ESPECIFICA
2024,62,TRANSFERENCIAS DA UNIAO VINCULADAS A SAUDE - BLOCO MANUTENCAO - EMENDAS INDIVIDUAIS
2024,63,TRANSFERENCIAS DA UNIAO VINCULADAS A SAUDE - BLOCO MANUTENCAO - EMENDAS DE BANCADA
2024,64,TRANSFERENCIAS DA UNIAO VINCULADAS A SAUDE - BLOCO ESTRUTURACAO - EMENDAS INDIVIDUAIS
2024,65,TRANSFERENCIAS DA UNIAO VINCULADAS A SAUDE - BLOCO ESTRUTURACAO - EMENDAS DE BANCADA
2024,66,ACORDOS E AJUSTES DE COOPERACAO MUTUA COM OS ESTADOS E O DISTRITO FEDERAL
2024,67,ACORDOS E AJUSTES DE COOPERACAO MUTUA COM OS MUNICIPIOS
2024,68,CONVENIOS COM AS INSTITUICOES PRIVADAS E OS ORGANISMOS DO EXTERIOR
2024,69,CONVENIOS COM OS ESTADOS E O DISTRITO FEDERAL
2024,70,CONVENIOS COM OS MUNICIPIOS
2024,71,RECURSOS DO FUNDO ESTADUAL DE ERRADICACAO DA MISERIA
2024,72,TAXA DE FISCALIZACAO DE RECURSOS MINERARIOS
2024,73,"ACORDOS, AJUSTES E DEMAIS INSTRUMENTOS DE COOPERACAO MUTUA COM A UNIAO E SUAS ENTIDADES"
2024,74,ACORDOS E AJUSTES DE COOPERACAO MUTUA COM AS INSTITUICOES PRIVADAS E OS ORGANISMOS DO EXTERIOR
2024,75,CONTRIBUICAO PATRONAL PARA CUSTEIO DOS PROVENTOS DOS MILITARES
2024,77,TAXA DE FISCALIZACAO JUDICIARIA E TAXAS E MULTAS JUDICIAIS
2024,78,CONTRIBUICAO MILITAR PARA CUSTEIO DO SISTEMA DE PROTECAO SOCIAL DOS MILITARES
2024,80,RECURSOS DO ACORDO DE REPACTUACAO DO RIO DOCE
2024,82,NOTIFICACAO DE INFRACAO DE TRANSITO ESTADO
2024,83,NOTIFICACAO DE INFRACAO DE TRANSITO FUNTRANS
2024,90,TRANSFERENCIAS DO FUNDEB - COMPLEMENTACAO DA UNIAO - VAAR
2024,91,TAXA DE EXPEDIENTE - ADMINISTRACAO INDIRETA
2024,92,TRANSFERENCIAS DA UNIAO VINCULADAS A SAUDE - BLOCO MANUTENCAO - EXCETO EMENDAS INDIV. E DE BANCADA
2024,93,TRANSFERENCIAS DA UNIAO VINCULADAS A SAUDE - BLOCO ESTRUTURACAO - EXCETO EMENDAS INDIV. E DE BANCADA
2024,94,TAXA FLORESTAL - ADMINISTRACAO DIRETA
2024,95,RECURSOS RECEBIDOS POR DANOS ADVINDOS DE DESASTRES SOCIOAMBIENTAIS
2024,97,TRANSFERENCIAS ESPECIAIS DE RECURSOS DA UNIAO - RECURSOS RECEBIDOS ATE 2023
2024,98,TRANSFERENCIAS ESPECIAIS DE RECURSOS DA UNIAO
2025,1,CONVENIOS COM A UNIAO E SUAS ENTIDADES - EMENDAS INDIVIDUAIS
2025,2,CONVENIOS COM A UNIAO E SUAS ENTIDADES - EMENDAS DE BANCADA
2025,3,TRANSFERENCIAS DO FNDE VINCULADAS A EDUCACAO - EMENDAS INDIVIDUAIS
2025,5,TRANSFERENCIAS DA UNIAO VINCULADAS A ASSISTENCIA SOCIAL - EMENDAS INDIVIDUAIS
2025,6,TRANSFERENCIAS DA UNIAO VINCULADAS A ASSISTENCIA SOCIAL - EMENDAS DE BANCADA
2025,9,"TERMOS DE AJUSTAMENTO, DOACOES CONTROLADAS POR INSTRUMENTO JURIDICO E CONGENERES"
2025,10,RECURSOS ORDINARIOS - RECURSOS NAO VINCULADOS DE IMPOSTOS
2025,11,RECURSOS DE DESVINCULACAO DE RECEITAS
2025,12,OPERACOES DE CREDITO CONTRATUAIS - SWAP
2025,13,FUNDO DE MANUTENCAO E DESENVOLVIMENTO DA EDUCACAO BASICA - FUNDEB - REGULARIZACAO DE EXERCICIOS ANTE
2025,15,RECURSOS ORDINARIOS - OUTROS RECURSOS NAO VINCULADOS
2025,16,DEMAIS TRANSFERENCIAS VINCULADAS DA UNIAO
2025,17,TRANSFERENCIAS DESTINADAS AO SETOR CULTURAL - LC 195/2022 - ART 5O - AUDIOVISUAL
2025,19,RECURSOS NAO VINCULADOS DA COMPENSACAO DE IMPOSTOS
2025,20,RECURSOS CONSTITUC.VINCULADOS AOS MUNICIPIOS
2025,21,COTA ESTADUAL DO SALARIO EDUCACAO - QESE
2025,23,FUNDO DE MANUTENCAO E DESENVOLVIMENTO DA EDUCACAO BASICA - FUNDEB
2025,24,CONVENIOS COM A UNIAO E SUAS ENTIDADES - EXCETO EMENDAS INDIVIDUAIS E DE BANCADA
2025,25,OPERACOES DE CREDITO CONTRATUAIS
2025,26,TAXA  FLORESTAL - ADMINISTRACAO INDIRETA
2025,27,TAXA DE SEGURANCA PUBLICA
2025,29,TAXA DE EXPEDIENTE - ADMINISTRACAO DIRETA
2025,30,CONTRIBUICAO A APOSENTADORIA
2025,31,UTILIZACAO DE RECURSOS HIDRICOS
2025,32,EXPLORACAO DE RECURSOS MINERAIS
2025,33,EXPLORACAO E PRODUCAO DE PETROLEO  E GAS NATURAL
2025,36,TRANSFERENCIAS DO FNDE VINCULADAS A EDUCACAO - EXCETO EMENDAS INDIVIDUAIS E DE BANCADA
2025,37,TRANSFERENCIAS DA UNIAO VINCULADAS A SAUDE
2025,38,TRANSFERENCIAS DA UNIAO VINCULADAS AO ESPORTE
2025,39,MULTAS PECUNIARIAS E JUROS DE MORA FIXADOS EM SENTENCAS JUDICIAIS
2025,40,RECURSOS FUNDOS EXTINTOS-LEI NO 13.848/2001
2025,42,CONTRIBUICAO PATRONAL PARA O RPPS
2025,43,CONTRIBUICAO DO SERVIDOR PARA O RPPS
2025,44,COMPENSACAO FINANCEIRA ENTRE REGIMES DE PREVIDENCIA
2025,45,"DOACOES DE PESSOAS, DE INSTITUICOES PRIVADAS OU DO EXTERIOR A ORGAO E ENTIDADES DO ESTADO"
2025,46,"DOACOES DE PESSOAS, DE INSTITUICOES PRIVADAS OU DO EXTERIOR AO TESOURO ESTADUAL"
2025,47,ALIENACAO DE BENS DE ENTIDADES ESTADUAIS
2025,48,ALIENACAO DE BENS DO TESOURO ESTADUAL
2025,49,CONTRIBUICAO PATRONAL DO ESTADO AOS INSTITUTOS DE PREVIDENCIA
2025,50,CONTRIBUICAO DO SERVIDOR DO ESTADO AOS INSTITUTOS DE PREVIDENCIA
2025,51,CONTRIBUICAO DE INTERVENCAO NO DOMINIO ECONOMICO/COMBUSTIVEIS-CIDE
2025,52,TAXA DE CONTROLE E FISCALIZACAO AMBIENTAL
2025,53,TAXA DE INCENDIO
2025,54,TAXA DE LICENCIAMENTO DA FAIXA DE DOMINIO DAS RODOVIAS
2025,56,TRANSFERENCIAS DA UNIAO VINCULADAS A ASSISTENCIA SOCIAL - EXCETO EMENDAS INDIVIDUAIS E DE BANCADA
2025,57,TRANSFERENCIAS DA UNIAO POR MEIO DE PORTARIA - EXCETO EMENDAS INDIVIDUAIS E DE BANCADA
2025,59,OUTROS RECURSOS VINCULADOS
2025,60,RECURSOS DIRETAMENTE ARRECADADOS
2025,61,RECURSOS DIRETAMENTE ARRECADADOS COM VINCULACAO ESPECIFICA
2025,62,TRANSFERENCIAS DA UNIAO VINCULADAS A SAUDE - BLOCO MANUTENCAO - EMENDAS INDIVIDUAIS
2025,63,TRANSFERENCIAS DA UNIAO VINCULADAS A SAUDE - BLOCO MANUTENCAO - EMENDAS DE BANCADA
2025,64,TRANSFERENCIAS DA UNIAO VINCULADAS A SAUDE - BLOCO ESTRUTURACAO - EMENDAS INDIVIDUAIS
2025,65,TRANSFERENCIAS DA UNIAO VINCULADAS A SAUDE - BLOCO ESTRUTURACAO - EMENDAS DE BANCADA
2025,66,ACORDOS E AJUSTES DE COOPERACAO MUTUA COM OS ESTADOS E O DISTRITO FEDERAL
2025,67,ACORDOS E AJUSTES DE COOPERACAO MUTUA COM OS MUNICIPIOS
2025,68,CONVENIOS COM AS INSTITUICOES PRIVADAS E OS ORGANISMOS DO EXTERIOR
2025,69,CONVENIOS COM OS ESTADOS E O DISTRITO FEDERAL
2025,70,CONVENIOS COM OS MUNICIPIOS
2025,71,RECURSOS DO FUNDO ESTADUAL DE ERRADICACAO DA MISERIA
2025,72,TAXA DE FISCALIZACAO DE RECURSOS MINERARIOS
2025,73,"ACORDOS, AJUSTES E DEMAIS INSTRUMENTOS DE COOPERACAO MUTUA COM A UNIAO E SUAS ENTIDADES"
2025,74,ACORDOS E AJUSTES DE COOPERACAO MUTUA COM AS INSTITUICOES PRIVADAS E OS ORGANISMOS DO EXTERIOR
2025,75,CONTRIBUICAO PATRONAL PARA CUSTEIO DOS PROVENTOS DOS MILITARES
2025,77,TAXA DE FISCALIZACAO JUDICIARIA E TAXAS E MULTAS JUDICIAIS
2025,79,RECURSOS DECORRENTES DA CONVERSAO DE MULTAS AMBIENTAIS
2025,80,RECURSOS DO ACORDO DE REPACTUACAO DO RIO DOCE
2025,82,NOTIFICACAO DE INFRACAO DE TRANSITO ESTADO
2025,83,NOTIFICACAO DE INFRACAO DE TRANSITO FUNTRANS
2025,89,RECURSOS DO FUNDO DE EQUALIZACAO FEDERATIVA - FEF
2025,90,TRANSFERENCIAS DO FUNDEB - COMPLEMENTACAO DA UNIAO - VAAR
2025,91,TAXA DE EXPEDIENTE - ADMINISTRACAO INDIRETA
2025,92,TRANSFERENCIAS DA UNIAO VINCULADAS A SAUDE - BLOCO MANUTENCAO - EXCETO EMENDAS INDIV. E DE BANCADA
2025,93,TRANSFERENCIAS DA UNIAO VINCULADAS A SAUDE - BLOCO ESTRUTURACAO - EXCETO EMENDAS INDIV. E DE BANCADA
2025,94,TAXA FLORESTAL - ADMINISTRACAO DIRETA
2025,95,RECURSOS RECEBIDOS POR DANOS ADVINDOS DE DESASTRES SOCIOAMBIENTAIS
2025,97,TRANSFERENCIAS ESPECIAIS DE RECURSOS DA UNIAO - RECURSOS RECEBIDOS ATE 2023
2025,98,TRANSFERENCIAS ESPECIAIS DE RECURSOS DA UNIAO
2026,1,CONVENIOS COM A UNIAO E SUAS ENTIDADES - EMENDAS INDIVIDUAIS
2026,2,CONVENIOS COM A UNIAO E SUAS ENTIDADES - EMENDAS DE BANCADA
2026,3,TRANSFERENCIAS DO FNDE VINCULADAS A EDUCACAO - EMENDAS INDIVIDUAIS
2026,5,TRANSFERENCIAS DA UNIAO VINCULADAS A ASSISTENCIA SOCIAL - EMENDAS INDIVIDUAIS
2026,6,TRANSFERENCIAS DA UNIAO VINCULADAS A ASSISTENCIA SOCIAL - EMENDAS DE BANCADA
2026,9,"TERMOS DE AJUSTAMENTO, DOACOES CONTROLADAS POR INSTRUMENTO JURIDICO E CONGENERES"
2026,10,RECURSOS ORDINARIOS - RECURSOS NAO VINCULADOS DE IMPOSTOS
2026,11,RECURSOS DE DESVINCULACAO DE RECEITAS
2026,12,OPERACOES DE CREDITO CONTRATUAIS - SWAP
2026,13,FUNDO DE MANUTENCAO E DESENVOLVIMENTO DA EDUCACAO BASICA - FUNDEB - REGULARIZACAO DE EXERCICIOS ANTE
2026,15,RECURSOS ORDINARIOS - OUTROS RECURSOS NAO VINCULADOS
2026,16,DEMAIS TRANSFERENCIAS VINCULADAS DA UNIAO
2026,17,TRANSFERENCIAS DESTINADAS AO SETOR CULTURAL - LC 195/2022 - ART 5O - AUDIOVISUAL
2026,20,RECURSOS CONSTITUC.VINCULADOS AOS MUNICIPIOS
2026,21,COTA ESTADUAL DO SALARIO EDUCACAO - QESE
2026,23,FUNDO DE MANUTENCAO E DESENVOLVIMENTO DA EDUCACAO BASICA - FUNDEB
2026,24,CONVENIOS COM A UNIAO E SUAS ENTIDADES - EXCETO EMENDAS INDIVIDUAIS E DE BANCADA
2026,25,OPERACOES DE CREDITO CONTRATUAIS
2026,26,TAXA  FLORESTAL - ADMINISTRACAO INDIRETA
2026,27,TAXA DE SEGURANCA PUBLICA
2026,29,TAXA DE EXPEDIENTE - ADMINISTRACAO DIRETA
2026,30,CONTRIBUICAO A APOSENTADORIA
2026,31,UTILIZACAO DE RECURSOS HIDRICOS
2026,32,EXPLORACAO DE RECURSOS MINERAIS
2026,33,EXPLORACAO E PRODUCAO DE PETROLEO  E GAS NATURAL
2026,36,TRANSFERENCIAS DO FNDE VINCULADAS A EDUCACAO - EXCETO EMENDAS INDIVIDUAIS E DE BANCADA
2026,37,TRANSFERENCIAS DA UNIAO VINCULADAS A SAUDE
2026,38,TRANSFERENCIAS DA UNIAO VINCULADAS AO ESPORTE
2026,39,MULTAS PECUNIARIAS E JUROS DE MORA FIXADOS EM SENTENCAS JUDICIAIS
2026,40,RECURSOS FUNDOS EXTINTOS-LEI NO 13.848/2001
2026,42,CONTRIBUICAO PATRONAL PARA O RPPS
2026,43,CONTRIBUICAO DO SERVIDOR PARA O RPPS
2026,44,COMPENSACAO FINANCEIRA ENTRE REGIMES DE PREVIDENCIA
2026,45,"DOACOES DE PESSOAS, DE INSTITUICOES PRIVADAS OU DO EXTERIOR A ORGAO E ENTIDADES DO ESTADO"
2026,46,"DOACOES DE PESSOAS, DE INSTITUICOES PRIVADAS OU DO EXTERIOR AO TESOURO ESTADUAL"
2026,47,ALIENACAO DE BENS DE ENTIDADES ESTADUAIS
2026,48,ALIENACAO DE BENS DO TESOURO ESTADUAL
2026,49,CONTRIBUICAO PATRONAL DO ESTADO AOS INSTITUTOS DE PREVIDENCIA
2026,50,CONTRIBUICAO DO SERVIDOR DO ESTADO AOS INSTITUTOS DE PREVIDENCIA
2026,51,CONTRIBUICAO DE INTERVENCAO NO DOMINIO ECONOMICO/COMBUSTIVEIS-CIDE
2026,52,TAXA DE CONTROLE E FISCALIZACAO AMBIENTAL
2026,53,TAXA DE INCENDIO
2026,54,TAXA DE LICENCIAMENTO DA FAIXA DE DOMINIO DAS RODOVIAS
2026,56,TRANSFERENCIAS DA UNIAO VINCULADAS A ASSISTENCIA SOCIAL - EXCETO EMENDAS INDIVIDUAIS E DE BANCADA
2026,57,TRANSFERENCIAS DA UNIAO POR MEIO DE PORTARIA - EXCETO EMENDAS INDIVIDUAIS E DE BANCADA
2026,59,OUTROS RECURSOS VINCULADOS
2026,60,RECURSOS DIRETAMENTE ARRECADADOS
2026,61,RECURSOS DIRETAMENTE ARRECADADOS COM VINCULACAO ESPECIFICA
2026,62,TRANSFERENCIAS DA UNIAO VINCULADAS A SAUDE - BLOCO MANUTENCAO - EMENDAS INDIVIDUAIS
2026,63,TRANSFERENCIAS DA UNIAO VINCULADAS A SAUDE - BLOCO MANUTENCAO - EMENDAS DE BANCADA
2026,64,TRANSFERENCIAS DA UNIAO VINCULADAS A SAUDE - BLOCO ESTRUTURACAO - EMENDAS INDIVIDUAIS
2026,65,TRANSFERENCIAS DA UNIAO VINCULADAS A SAUDE - BLOCO ESTRUTURACAO - EMENDAS DE BANCADA
2026,66,ACORDOS E AJUSTES DE COOPERACAO MUTUA COM OS ESTADOS E O DISTRITO FEDERAL
2026,67,ACORDOS E AJUSTES DE COOPERACAO MUTUA COM OS MUNICIPIOS
2026,68,CONVENIOS COM AS INSTITUICOES PRIVADAS E OS ORGANISMOS DO EXTERIOR
2026,69,CONVENIOS COM OS ESTADOS E O DISTRITO FEDERAL
2026,70,CONVENIOS COM OS MUNICIPIOS
2026,71,RECURSOS DO FUNDO ESTADUAL DE ERRADICACAO DA MISERIA
2026,72,TAXA DE FISCALIZACAO DE RECURSOS MINERARIOS
2026,73,"ACORDOS, AJUSTES E DEMAIS INSTRUMENTOS DE COOPERACAO MUTUA COM A UNIAO E SUAS ENTIDADES"
2026,74,ACORDOS E AJUSTES DE COOPERACAO MUTUA COM AS INSTITUICOES PRIVADAS E OS ORGANISMOS DO EXTERIOR
2026,75,CONTRIBUICAO PATRONAL PARA CUSTEIO DOS PROVENTOS DOS MILITARES
2026,77,TAXA DE FISCALIZACAO JUDICIARIA E TAXAS E MULTAS JUDICIAIS
2026,79,RECURSOS DECORRENTES DA CONVERSAO DE MULTAS AMBIENTAIS
2026,80,RECURSOS DO ACORDO DE REPACTUACAO DO RIO DOCE
2026,82,NOTIFICACAO DE INFRACAO DE TRANSITO ESTADO
2026,83,NOTIFICACAO DE INFRACAO DE TRANSITO FUNTRANS
2026,89,RECURSOS DO FUNDO DE EQUALIZACAO FEDERATIVA - FEF
2026,91,TAXA DE EXPEDIENTE - ADMINISTRACAO INDIRETA
2026,92,TRANSFERENCIAS DA UNIAO VINCULADAS A SAUDE - BLOCO MANUTENCAO - EXCETO EMENDAS INDIV. E DE BANCADA
2026,93,TRANSFERENCIAS DA UNIAO VINCULADAS A SAUDE - BLOCO ESTRUTURACAO - EXCETO EMENDAS INDIV. E DE BANCADA
2026,94,TAXA FLORESTAL - ADMINISTRACAO DIRETA
2026,95,RECURSOS RECEBIDOS POR DANOS ADVINDOS DE DESASTRES SOCIOAMBIENTAIS
2026,97,TRANSFERENCIAS ESPECIAIS DE RECURSOS DA UNIAO - RECURSOS RECEBIDOS ATE 2023
2026,98,TRANSFERENCIAS ESPECIAIS DE RECURSOS DA UNIAO
